,movie,url,vector
0,Toy Story,http://www.imsdb.com/scripts/Toy-Story.html,"[158, 86, 220, 27, 14, 13, 0, 4, 0, 0, 1, 0, 0, 0, 0, 0, 0, 11, 25, 0, 0, 0, 0, 1, 0, 6, 0, 0, 0, 3, 1, 0, 0, 0]"
1,Heat,http://www.imsdb.com/scripts/Heat.html,"[370, 113, 283, 4, 38, 3, 0, 1, 3, 0, 3, 0, 4, 4, 0, 0, 0, 103, 139, 2, 2, 16, 12, 13, 0, 2, 0, 2, 0, 1, 11, 0, 0, 0]"
2,The American President,"http://www.imsdb.com/scripts/American-President,-The.html","[166, 66, 87, 4, 19, 4, 0, 79, 9, 0, 0, 0, 0, 1, 2, 0, 0, 99, 96, 0, 8, 15, 16, 2, 0, 3, 0, 8, 0, 3, 6, 6, 0, 0]"
3,Casino,http://www.imsdb.com/scripts/Casino.html,"[566, 270, 325, 19, 63, 7, 0, 12, 2, 0, 11, 0, 21, 3, 1, 1, 0, 228, 267, 1, 7, 21, 10, 3, 0, 33, 0, 4, 0, 1, 31, 2, 0, 0]"
4,Sense and Sensibility,http://www.imsdb.com/scripts/Sense-and-Sensibility.html,"[292, 142, 155, 11, 27, 2, 4, 97, 14, 0, 3, 0, 13, 2, 0, 1, 1, 244, 346, 0, 15, 21, 7, 15, 1, 35, 0, 6, 0, 26, 6, 0, 0, 0]"
5,Four Rooms,http://www.imsdb.com/scripts/Four-Rooms.html,"[245, 86, 220, 23, 134, 3, 0, 11, 2, 0, 1, 0, 2, 6, 0, 0, 0, 203, 198, 0, 9, 12, 32, 6, 0, 12, 0, 0, 0, 2, 48, 3, 0, 0]"
6,Copycat,http://www.imsdb.com/scripts/Copycat.html,"[396, 132, 169, 9, 64, 6, 1, 6, 1, 0, 17, 0, 0, 6, 2, 0, 0, 396, 407, 1, 25, 46, 19, 6, 0, 2, 1, 0, 0, 1, 6, 0, 0, 0]"
7,Assassins,http://www.imsdb.com/scripts/Assassins.html,"[451, 86, 261, 20, 41, 5, 0, 4, 1, 0, 1, 0, 0, 0, 1, 0, 0, 210, 192, 0, 8, 23, 3, 3, 0, 5, 0, 1, 0, 0, 1, 0, 0, 0]"
8,Leaving Las Vegas,http://www.imsdb.com/scripts/Leaving-Las-Vegas.html,"[311, 114, 195, 19, 25, 25, 0, 3, 2, 0, 1, 0, 0, 5, 1, 0, 0, 213, 258, 3, 11, 23, 47, 0, 0, 1, 0, 1, 0, 0, 11, 1, 0, 0]"
9,Se7en,http://www.imsdb.com/scripts/Se7en.html,"[585, 148, 472, 25, 124, 8, 6, 4, 18, 0, 7, 0, 1, 7, 0, 0, 0, 81, 96, 2, 2, 36, 4, 2, 0, 2, 0, 0, 0, 0, 11, 0, 0, 0]"
10,The Usual Suspects,"http://www.imsdb.com/scripts/Usual-Suspects,-The.html","[467, 185, 276, 20, 108, 5, 0, 2, 3, 0, 2, 0, 2, 1, 0, 1, 1, 36, 34, 0, 1, 7, 1, 0, 0, 1, 0, 0, 0, 0, 8, 0, 0, 0]"
11,From Dusk Till Dawn,http://www.imsdb.com/scripts/From-Dusk-Till-Dawn.html,"[213, 105, 242, 17, 22, 7, 2, 0, 12, 0, 16, 0, 30, 0, 0, 0, 0, 73, 106, 1, 2, 18, 12, 4, 0, 8, 0, 8, 0, 2, 3, 0, 0, 0]"
12,Fair Game,http://www.imsdb.com/scripts/Fair-Game.html,"[233, 58, 151, 8, 18, 1, 0, 16, 7, 0, 2, 0, 15, 9, 1, 10, 0, 173, 186, 0, 5, 8, 2, 0, 3, 8, 0, 5, 0, 3, 31, 0, 1, 0]"
13,White Squall,http://www.imsdb.com/scripts/White-Squall.html,"[304, 150, 244, 19, 52, 6, 2, 21, 14, 0, 27, 0, 7, 0, 0, 0, 0, 58, 73, 0, 3, 3, 7, 0, 1, 6, 0, 2, 0, 3, 3, 1, 0, 0]"
14,Nick of Time,http://www.imsdb.com/scripts/Nick-of-Time.html,"[332, 153, 196, 22, 69, 1, 0, 12, 4, 0, 2, 0, 3, 13, 0, 1, 0, 129, 161, 1, 3, 20, 20, 1, 1, 2, 0, 20, 0, 0, 12, 0, 0, 0]"
15,Broken Arrow,http://www.imsdb.com/scripts/Broken-Arrow.html,"[172, 67, 138, 8, 13, 1, 0, 11, 0, 0, 4, 0, 0, 0, 0, 0, 0, 42, 65, 0, 2, 2, 1, 1, 0, 0, 0, 0, 0, 0, 1, 0, 0, 0]"
16,Bottle Rocket,http://www.imsdb.com/scripts/Bottle-Rocket.html,"[362, 104, 187, 6, 94, 2, 0, 2, 1, 2, 3, 0, 13, 3, 0, 1, 0, 46, 34, 1, 1, 13, 15, 1, 0, 2, 0, 0, 0, 0, 1, 10, 0, 0]"
17,Braveheart,http://www.imsdb.com/scripts/Braveheart.html,"[411, 184, 494, 17, 45, 15, 41, 13, 60, 0, 32, 0, 17, 16, 0, 12, 7, 145, 187, 1, 6, 10, 12, 4, 1, 9, 0, 7, 0, 0, 9, 0, 0, 0]"
18,Taxi Driver,http://www.imsdb.com/scripts/Taxi-Driver.html,"[274, 66, 352, 13, 133, 53, 0, 7, 4, 0, 2, 0, 1, 0, 1, 0, 0, 86, 104, 1, 4, 18, 31, 2, 0, 3, 0, 0, 0, 0, 3, 5, 0, 0]"
19,Bad Boys,http://www.imsdb.com/scripts/Bad-Boys.html,"[269, 94, 192, 9, 43, 8, 0, 0, 3, 0, 2, 0, 3, 5, 0, 14, 0, 116, 117, 1, 2, 25, 21, 5, 0, 2, 0, 0, 0, 1, 16, 0, 0, 0]"
20,Devil in a Blue Dress,http://www.imsdb.com/scripts/Devil-in-a-Blue-Dress.html,"[382, 152, 321, 23, 122, 8, 0, 5, 0, 0, 7, 0, 7, 2, 5, 1, 0, 149, 144, 0, 4, 27, 27, 1, 0, 0, 0, 0, 0, 7, 0, 2, 0, 0]"
21,Hackers,http://www.imsdb.com/scripts/Hackers.html,"[116, 39, 99, 6, 51, 6, 2, 7, 1, 0, 6, 0, 0, 1, 1, 0, 0, 48, 48, 0, 0, 15, 12, 0, 0, 14, 0, 0, 0, 0, 0, 1, 0, 0]"
22,Judge Dredd,http://www.imsdb.com/scripts/Judge-Dredd.html,"[233, 138, 183, 11, 22, 0, 0, 8, 1, 0, 2, 0, 8, 0, 0, 0, 0, 67, 63, 0, 2, 6, 1, 1, 0, 0, 0, 0, 0, 0, 2, 0, 0, 0]"
23,Kids,http://www.imsdb.com/scripts/Kids.html,"[279, 44, 211, 6, 37, 14, 0, 0, 5, 0, 1, 1, 3, 0, 1, 1, 0, 136, 161, 0, 2, 0, 44, 2, 0, 12, 2, 0, 0, 4, 1, 1, 0, 0]"
24,Living in Oblivion,http://www.imsdb.com/scripts/Living-in-Oblivion.html,"[110, 56, 107, 5, 45, 0, 0, 0, 2, 0, 1, 0, 0, 0, 0, 0, 0, 73, 135, 1, 5, 13, 1, 0, 0, 11, 0, 0, 0, 0, 0, 0, 0, 0]"
25,Lord of Illusions,http://www.imsdb.com/scripts/Lord-of-Illusions.html,"[393, 133, 258, 16, 29, 3, 7, 0, 0, 0, 1, 0, 0, 3, 0, 0, 0, 79, 97, 0, 5, 14, 27, 0, 0, 2, 0, 1, 0, 0, 4, 1, 0, 0]"
26,Mute Witness,http://www.imsdb.com/scripts/Mute-Witness.html,"[270, 86, 228, 3, 92, 0, 0, 5, 1, 0, 0, 0, 0, 0, 1, 0, 0, 330, 309, 0, 4, 54, 14, 0, 0, 1, 0, 0, 0, 17, 2, 1, 0, 0]"
27,The Prophecy,"http://www.imsdb.com/scripts/Prophecy,-The.html","[238, 113, 291, 14, 43, 14, 4, 1, 5, 0, 17, 0, 3, 0, 0, 1, 0, 97, 174, 0, 2, 10, 14, 0, 0, 2, 27, 0, 1, 0, 0, 0, 0, 0]"
28,Strange Days,http://www.imsdb.com/scripts/Strange-Days.html,"[475, 201, 390, 9, 38, 4, 0, 4, 0, 0, 1, 0, 0, 1, 4, 0, 0, 318, 422, 0, 15, 18, 17, 0, 0, 3, 0, 0, 0, 2, 3, 3, 1, 0]"
29,Clerks,http://www.imsdb.com/scripts/Clerks.html,"[239, 85, 133, 3, 94, 5, 0, 4, 1, 0, 3, 0, 3, 0, 8, 1, 0, 99, 69, 0, 4, 12, 31, 2, 0, 19, 0, 1, 0, 3, 2, 9, 2, 0]"
30,Dumb and Dumber,http://www.imsdb.com/scripts/Dumb-and-Dumber.html,"[233, 54, 241, 6, 44, 9, 0, 16, 1, 0, 2, 0, 1, 6, 2, 1, 0, 88, 95, 0, 1, 22, 12, 5, 0, 0, 0, 2, 0, 0, 2, 0, 0, 0]"
31,Ed Wood,http://www.imsdb.com/scripts/Ed-Wood.html,"[395, 70, 229, 9, 61, 15, 3, 5, 4, 0, 6, 0, 1, 3, 1, 0, 0, 90, 65, 0, 4, 17, 15, 1, 0, 1, 0, 2, 0, 0, 10, 7, 0, 0]"
32,Heavenly Creatures,http://www.imsdb.com/scripts/Heavenly-Creatures.html,"[79, 38, 73, 9, 13, 4, 1, 3, 16, 0, 3, 0, 0, 2, 0, 0, 0, 182, 288, 0, 4, 16, 7, 1, 1, 40, 0, 9, 0, 2, 8, 0, 0, 0]"
33,Interview with the Vampire,http://www.imsdb.com/scripts/Interview-with-the-Vampire.html,"[343, 193, 233, 10, 10, 11, 0, 2, 9, 0, 1, 0, 2, 3, 0, 0, 0, 165, 252, 1, 6, 30, 22, 5, 0, 11, 1, 11, 0, 1, 15, 0, 0, 0]"
34,Natural Born Killers,http://www.imsdb.com/scripts/Natural-Born-Killers.html,"[143, 86, 208, 9, 23, 10, 0, 3, 5, 0, 6, 0, 7, 3, 0, 0, 0, 70, 143, 1, 7, 11, 8, 3, 0, 11, 0, 0, 0, 3, 9, 0, 0, 0]"
35,Pulp Fiction,http://www.imsdb.com/scripts/Pulp-Fiction.html,"[262, 81, 246, 17, 120, 16, 3, 0, 7, 4, 5, 0, 3, 3, 1, 5, 0, 109, 155, 1, 1, 41, 11, 4, 0, 4, 2, 1, 0, 1, 16, 2, 3, 0]"
36,Priest,http://www.imsdb.com/scripts/Priest.html,"[321, 117, 302, 10, 65, 6, 4, 2, 16, 0, 3, 0, 7, 2, 0, 3, 0, 98, 120, 1, 3, 4, 13, 0, 0, 3, 1, 2, 0, 0, 2, 0, 0, 2]"
37,The Shawshank Redemption,"http://www.imsdb.com/scripts/Shawshank-Redemption,-The.html","[356, 142, 390, 19, 87, 10, 8, 22, 0, 0, 7, 0, 3, 1, 0, 1, 0, 25, 46, 0, 0, 21, 5, 5, 0, 2, 0, 0, 0, 0, 18, 0, 0, 0]"
38,Shallow Grave,http://www.imsdb.com/scripts/Shallow-Grave.html,"[216, 57, 120, 14, 28, 3, 0, 4, 1, 0, 0, 0, 0, 0, 0, 0, 0, 29, 33, 0, 0, 6, 3, 0, 0, 2, 1, 0, 0, 2, 0, 1, 0, 0]"
39,Virtuosity,http://www.imsdb.com/scripts/Virtuosity.html,"[341, 155, 372, 21, 14, 1, 2, 3, 1, 0, 7, 0, 1, 0, 2, 0, 0, 110, 136, 0, 7, 20, 1, 2, 0, 3, 0, 10, 0, 0, 6, 0, 0, 0]"
40,The Crow,"http://www.imsdb.com/scripts/Crow,-The.html","[310, 100, 263, 20, 30, 3, 1, 0, 0, 0, 3, 0, 0, 0, 1, 1, 0, 66, 93, 1, 1, 21, 6, 2, 0, 1, 0, 1, 0, 0, 0, 2, 0, 0]"
41,Cobb,http://www.imsdb.com/scripts/Cobb.html,"[347, 87, 294, 15, 124, 5, 0, 9, 41, 1, 11, 0, 1, 2, 0, 0, 0, 64, 58, 0, 3, 37, 9, 4, 0, 32, 0, 0, 0, 14, 11, 0, 0, 0]"
42,The Flintstones,"http://www.imsdb.com/scripts/Flintstones,-The.html","[213, 71, 206, 11, 23, 9, 0, 2, 0, 0, 1, 0, 9, 2, 1, 8, 7, 30, 29, 0, 1, 1, 8, 1, 0, 1, 0, 0, 0, 0, 0, 0, 0, 0]"
43,Forrest Gump,http://www.imsdb.com/scripts/Forrest-Gump.html,"[203, 95, 174, 14, 92, 54, 1, 25, 2, 0, 14, 0, 4, 2, 1, 2, 0, 88, 100, 0, 2, 37, 11, 1, 0, 7, 4, 0, 0, 0, 4, 0, 0, 0]"
44,The Mask,"http://www.imsdb.com/scripts/Mask,-The.html","[279, 108, 327, 22, 41, 8, 0, 3, 0, 0, 4, 0, 0, 1, 1, 0, 0, 77, 120, 0, 4, 10, 11, 5, 0, 1, 0, 0, 0, 0, 4, 2, 0, 0]"
45,True Lies,http://www.imsdb.com/scripts/True-Lies.html,"[439, 193, 274, 11, 27, 3, 0, 6, 10, 0, 8, 0, 0, 11, 2, 0, 0, 297, 325, 1, 6, 14, 4, 3, 0, 1, 0, 10, 0, 0, 11, 1, 0, 0]"
46,Being Human,http://www.imsdb.com/scripts/Being-Human.html,"[579, 227, 478, 36, 81, 55, 3, 9, 34, 0, 27, 0, 3, 1, 0, 0, 0, 195, 226, 1, 10, 25, 40, 3, 0, 27, 0, 7, 0, 2, 5, 0, 0, 0]"
47,Cliffhanger,http://www.imsdb.com/scripts/Cliffhanger.html,"[341, 162, 287, 55, 7, 0, 1, 5, 0, 0, 4, 0, 0, 0, 0, 0, 0, 54, 81, 2, 2, 3, 0, 0, 0, 1, 0, 0, 0, 0, 0, 0, 0, 0]"
48,Color of Night,http://www.imsdb.com/scripts/Color-of-Night.html,"[487, 115, 261, 12, 32, 0, 0, 1, 6, 0, 5, 0, 8, 6, 0, 0, 0, 229, 182, 1, 3, 37, 5, 5, 0, 1, 0, 4, 0, 1, 15, 3, 0, 0]"
49,Even Cowgirls Get the Blues,http://www.imsdb.com/scripts/Even-Cowgirls-Get-the-Blues.html,"[85, 22, 77, 1, 25, 1, 2, 0, 2, 0, 0, 0, 0, 6, 0, 6, 0, 150, 178, 0, 6, 11, 14, 3, 2, 4, 0, 2, 0, 1, 1, 0, 0, 0]"
50,Fatal Instinct,http://www.imsdb.com/scripts/Fatal-Instinct.html,"[351, 153, 261, 8, 37, 7, 0, 1, 3, 1, 5, 0, 3, 26, 0, 2, 0, 302, 289, 0, 5, 35, 5, 2, 1, 7, 0, 0, 0, 6, 26, 0, 0, 0]"
51,The Fugitive,"http://www.imsdb.com/scripts/Fugitive,-The.html","[445, 161, 305, 16, 105, 10, 1, 11, 0, 1, 2, 0, 1, 7, 0, 0, 0, 52, 63, 0, 0, 33, 2, 3, 0, 2, 1, 0, 0, 0, 23, 0, 0, 0]"
52,The Getaway,"http://www.imsdb.com/scripts/Getaway,-The.html","[283, 108, 277, 12, 35, 5, 0, 2, 0, 0, 1, 0, 4, 5, 1, 0, 0, 125, 160, 1, 6, 13, 6, 4, 0, 4, 0, 0, 0, 0, 6, 0, 0, 0]"
53,The Hudsucker Proxy,"http://www.imsdb.com/scripts/Hudsucker-Proxy,-The.html","[340, 80, 387, 16, 89, 18, 0, 24, 0, 0, 2, 0, 0, 0, 0, 0, 0, 113, 86, 0, 2, 28, 8, 1, 0, 3, 0, 0, 0, 0, 2, 0, 0, 0]"
54,I'll Do Anything,http://www.imsdb.com/scripts/I'll-Do-Anything.html,"[285, 128, 133, 15, 33, 10, 2, 1, 22, 0, 2, 0, 1, 0, 1, 0, 0, 248, 284, 0, 15, 13, 17, 7, 0, 13, 0, 11, 0, 0, 6, 0, 0, 0]"
55,Jurassic Park,http://www.imsdb.com/scripts/Jurassic-Park.html,"[411, 94, 320, 20, 16, 4, 0, 4, 0, 1, 1, 0, 2, 0, 0, 0, 0, 135, 155, 1, 6, 1, 1, 0, 0, 1, 0, 0, 0, 2, 1, 0, 0, 0]"
56,Kalifornia,http://www.imsdb.com/scripts/Kalifornia.html,"[341, 137, 280, 9, 47, 12, 0, 4, 8, 0, 2, 0, 0, 1, 1, 0, 0, 236, 300, 5, 4, 13, 31, 2, 0, 8, 0, 1, 0, 0, 1, 2, 0, 0]"
57,Killing Zoe,http://www.imsdb.com/scripts/Killing-Zoe.html,"[273, 83, 170, 6, 15, 1, 0, 1, 2, 0, 0, 0, 0, 0, 0, 2, 0, 69, 62, 0, 1, 7, 8, 0, 0, 5, 0, 0, 0, 0, 2, 2, 0, 0]"
58,Manhattan Murder Mystery,http://www.imsdb.com/scripts/Manhattan-Murder-Mystery.html,"[359, 87, 194, 2, 14, 2, 0, 0, 5, 0, 4, 0, 8, 4, 0, 1, 0, 352, 292, 0, 0, 40, 3, 12, 0, 3, 0, 0, 0, 11, 29, 1, 0, 0]"
59,Philadelphia,http://www.imsdb.com/scripts/Philadelphia.html,"[161, 60, 252, 7, 37, 5, 3, 6, 7, 0, 2, 3, 5, 1, 1, 2, 0, 34, 40, 0, 0, 9, 5, 2, 0, 9, 1, 1, 0, 8, 4, 0, 2, 1]"
60,The Piano,"http://www.imsdb.com/scripts/Piano,-The.html","[243, 94, 204, 8, 25, 3, 0, 0, 8, 0, 0, 0, 0, 2, 0, 0, 0, 320, 469, 4, 15, 16, 24, 0, 0, 30, 0, 7, 0, 14, 11, 0, 64, 0]"
61,The Program,"http://www.imsdb.com/scripts/Program,-The.html","[250, 171, 249, 17, 21, 8, 0, 5, 15, 0, 1, 0, 4, 0, 14, 0, 0, 84, 105, 0, 4, 0, 15, 0, 0, 8, 0, 3, 0, 1, 0, 4, 0, 0]"
62,Schindler's List,http://www.imsdb.com/scripts/Schindler's-List.html,"[506, 189, 354, 33, 75, 32, 2, 24, 4, 0, 5, 0, 2, 5, 0, 0, 0, 76, 82, 0, 4, 30, 33, 0, 0, 3, 0, 2, 0, 0, 19, 4, 1, 0]"
63,Serial Mom,http://www.imsdb.com/scripts/Serial-Mom.html,"[86, 57, 92, 9, 19, 10, 0, 1, 12, 0, 12, 0, 4, 6, 12, 0, 0, 118, 253, 0, 14, 11, 10, 12, 0, 23, 0, 2, 0, 0, 11, 1, 1, 0]"
64,Six Degrees of Separation,http://www.imsdb.com/scripts/Six-Degrees-of-Separation.html,"[224, 113, 143, 9, 32, 15, 3, 2, 33, 0, 28, 0, 2, 5, 0, 1, 0, 71, 74, 0, 2, 9, 9, 3, 0, 15, 1, 5, 0, 1, 11, 0, 0, 0]"
65,Sleepless in Seattle,http://www.imsdb.com/scripts/Sleepless-in-Seattle.html,"[179, 64, 110, 7, 18, 4, 0, 0, 14, 0, 7, 0, 4, 5, 1, 5, 0, 186, 133, 0, 9, 26, 2, 1, 0, 19, 1, 1, 0, 1, 20, 2, 0, 0]"
66,Blade Runner,http://www.imsdb.com/scripts/Blade-Runner.html,"[389, 127, 363, 15, 50, 6, 0, 0, 4, 0, 1, 0, 0, 2, 0, 2, 0, 173, 181, 1, 1, 6, 11, 7, 0, 1, 0, 0, 0, 0, 3, 0, 2, 1]"
67,So I Married an Axe Murderer,http://www.imsdb.com/scripts/So-I-Married-an-Axe-Murderer.html,"[226, 61, 141, 6, 41, 6, 0, 11, 3, 0, 6, 0, 1, 2, 0, 11, 0, 173, 138, 1, 2, 9, 11, 16, 0, 5, 0, 1, 0, 7, 13, 3, 0, 0]"
68,The Nightmare Before Christmas,"http://www.imsdb.com/scripts/Nightmare-Before-Christmas,-The.html","[42, 32, 18, 1, 11, 5, 0, 1, 3, 0, 0, 0, 1, 0, 0, 0, 0, 1, 3, 0, 0, 0, 1, 0, 0, 2, 0, 0, 0, 0, 1, 0, 0, 0]"
69,The Three Musketeers,"http://www.imsdb.com/scripts/Three-Musketeers,-The.html","[356, 159, 376, 19, 75, 30, 2, 2, 36, 0, 8, 0, 2, 10, 0, 0, 0, 76, 130, 2, 0, 23, 6, 3, 1, 28, 0, 0, 0, 0, 2, 0, 0, 0]"
70,Tombstone,http://www.imsdb.com/scripts/Tombstone.html,"[240, 189, 420, 20, 79, 25, 4, 4, 10, 0, 19, 0, 20, 3, 0, 0, 0, 58, 104, 0, 1, 21, 6, 6, 0, 5, 0, 1, 0, 6, 10, 0, 0, 0]"
71,True Romance,http://www.imsdb.com/scripts/True-Romance.html,"[368, 156, 213, 11, 30, 21, 0, 0, 1, 0, 13, 0, 0, 3, 2, 2, 0, 151, 163, 0, 6, 7, 24, 4, 0, 5, 1, 0, 0, 2, 11, 1, 0, 0]"
72,Ghost,http://www.imsdb.com/scripts/Ghost.html,"[414, 145, 276, 12, 44, 2, 8, 2, 2, 0, 2, 0, 0, 4, 1, 0, 0, 244, 323, 0, 11, 38, 4, 12, 0, 4, 1, 0, 0, 7, 3, 0, 0, 1]"
73,Aladdin,http://www.imsdb.com/scripts/Aladdin.html,"[276, 105, 186, 9, 35, 29, 2, 5, 11, 0, 1, 0, 1, 5, 0, 0, 0, 81, 62, 0, 0, 5, 5, 6, 0, 1, 0, 9, 0, 1, 1, 0, 0, 0]"
74,Dances with Wolves,http://www.imsdb.com/scripts/Dances-with-Wolves.html,"[721, 176, 733, 30, 114, 28, 2, 14, 7, 3, 4, 0, 0, 8, 0, 1, 0, 143, 142, 0, 11, 15, 13, 0, 0, 7, 0, 1, 0, 0, 10, 0, 0, 0]"
75,Batman,http://www.imsdb.com/scripts/Batman.html,"[433, 139, 428, 25, 29, 25, 3, 6, 2, 0, 1, 0, 2, 3, 1, 0, 0, 138, 154, 0, 7, 10, 7, 12, 0, 1, 0, 0, 0, 0, 7, 1, 0, 0]"
76,Beauty and the Beast,http://www.imsdb.com/scripts/Beauty-and-the-Beast.html,"[222, 106, 236, 16, 9, 11, 2, 2, 32, 0, 0, 0, 0, 1, 0, 0, 0, 208, 208, 0, 7, 12, 31, 1, 0, 18, 1, 9, 0, 0, 14, 0, 0, 0]"
77,Pretty Woman,http://www.imsdb.com/scripts/Pretty-Woman.html,"[243, 114, 147, 10, 32, 4, 0, 10, 10, 0, 6, 1, 0, 0, 0, 2, 0, 305, 244, 1, 8, 21, 22, 9, 0, 4, 0, 0, 0, 0, 6, 3, 0, 3]"
78,The Wild Bunch,"http://www.imsdb.com/scripts/Wild-Bunch,-The.html","[297, 232, 337, 15, 61, 18, 0, 5, 5, 4, 8, 1, 11, 2, 0, 0, 0, 22, 30, 0, 1, 15, 19, 6, 0, 6, 1, 2, 0, 3, 0, 0, 0, 0]"
79,Fargo,http://www.imsdb.com/scripts/Fargo.html,"[203, 53, 170, 2, 67, 5, 0, 14, 2, 0, 1, 0, 1, 0, 0, 0, 0, 75, 94, 1, 3, 20, 2, 2, 0, 0, 0, 6, 0, 0, 22, 0, 0, 0]"
80,Heavy Metal,http://www.imsdb.com/scripts/Heavy-Metal.html,"[129, 64, 129, 14, 35, 10, 0, 0, 1, 0, 1, 0, 0, 0, 1, 0, 0, 73, 98, 0, 2, 6, 44, 0, 0, 2, 0, 2, 0, 1, 0, 0, 0, 0]"
81,Jane Eyre,http://www.imsdb.com/scripts/Jane-Eyre.html,"[222, 99, 139, 11, 18, 1, 3, 60, 10, 0, 1, 0, 5, 2, 0, 10, 0, 438, 570, 0, 35, 21, 24, 11, 2, 10, 0, 5, 0, 6, 18, 0, 11, 1]"
82,The Rock,"http://www.imsdb.com/scripts/Rock,-The.html","[154, 84, 174, 15, 38, 1, 0, 57, 2, 0, 7, 0, 0, 0, 0, 0, 0, 14, 20, 0, 0, 6, 1, 0, 2, 4, 0, 5, 0, 0, 2, 2, 1, 0]"
83,Trainspotting,http://www.imsdb.com/scripts/Trainspotting.html,"[196, 78, 129, 7, 54, 145, 0, 6, 25, 0, 6, 0, 1, 0, 1, 0, 0, 39, 29, 0, 3, 20, 7, 1, 0, 38, 0, 0, 0, 0, 0, 0, 0, 0]"
84,Independence Day,http://www.imsdb.com/scripts/Independence-Day.html,"[183, 101, 208, 8, 21, 13, 0, 31, 9, 0, 5, 0, 4, 2, 0, 1, 0, 68, 89, 0, 2, 5, 1, 7, 0, 23, 0, 9, 0, 2, 6, 0, 0, 0]"
85,Lone Star,http://www.imsdb.com/scripts/Lone-Star.html,"[296, 122, 167, 7, 52, 21, 1, 17, 41, 0, 19, 0, 1, 1, 0, 1, 0, 75, 95, 1, 3, 15, 15, 2, 0, 33, 0, 5, 0, 1, 2, 1, 0, 0]"
86,Basquiat,http://www.imsdb.com/scripts/Basquiat.html,"[352, 93, 179, 17, 37, 6, 0, 1, 6, 0, 2, 0, 2, 1, 1, 0, 0, 80, 64, 0, 1, 12, 6, 0, 0, 10, 0, 1, 0, 0, 4, 3, 0, 0]"
87,Tin Cup,http://www.imsdb.com/scripts/Tin-Cup.html,"[308, 67, 193, 16, 47, 3, 2, 0, 2, 0, 7, 1, 1, 0, 4, 0, 0, 100, 63, 0, 3, 15, 1, 16, 0, 1, 0, 1, 0, 0, 0, 2, 0, 0]"
88,Bound,http://www.imsdb.com/scripts/Bound.html,"[337, 98, 158, 7, 18, 3, 0, 4, 4, 0, 7, 0, 1, 1, 0, 0, 0, 246, 245, 0, 5, 22, 3, 1, 0, 0, 0, 0, 0, 0, 0, 0, 0, 0]"
89,The Relic,"http://www.imsdb.com/scripts/Relic,-The.html","[277, 63, 260, 12, 35, 1, 2, 4, 3, 0, 1, 0, 0, 0, 0, 0, 0, 102, 103, 0, 3, 9, 2, 1, 0, 3, 0, 4, 0, 0, 13, 0, 0, 0]"
90,Rear Window,http://www.imsdb.com/scripts/Rear-Window.html,"[666, 193, 510, 25, 62, 4, 0, 0, 2, 0, 0, 0, 0, 17, 0, 0, 0, 436, 371, 1, 11, 38, 28, 7, 1, 0, 0, 0, 0, 0, 41, 0, 0, 0]"
91,It Happened One Night,http://www.imsdb.com/scripts/It-Happened-One-Night.html,"[451, 205, 410, 20, 73, 48, 0, 19, 33, 0, 11, 0, 1, 10, 0, 1, 0, 350, 523, 1, 21, 24, 29, 10, 0, 7, 0, 15, 0, 6, 45, 0, 3, 0]"
92,The Apartment,"http://www.imsdb.com/scripts/Apartment,-The.html","[369, 111, 283, 17, 34, 25, 1, 20, 0, 0, 0, 1, 4, 4, 0, 1, 1, 181, 281, 0, 7, 5, 29, 8, 0, 6, 0, 0, 0, 6, 20, 0, 1, 0]"
93,Charade,http://www.imsdb.com/scripts/Charade.html,"[430, 169, 255, 9, 72, 10, 6, 1, 1, 0, 0, 0, 8, 17, 0, 0, 0, 236, 195, 3, 3, 9, 12, 3, 0, 3, 0, 0, 0, 0, 1, 0, 2, 0]"
94,The Wizard of Oz,"http://www.imsdb.com/scripts/Wizard-of-Oz,-The.html","[167, 118, 70, 3, 391, 1, 0, 8, 2, 0, 0, 0, 1, 0, 0, 45, 0, 228, 189, 0, 3, 7, 7, 4, 0, 0, 0, 0, 0, 2, 2, 0, 69, 0]"
95,Citizen Kane,http://www.imsdb.com/scripts/Citizen-Kane.html,"[426, 180, 278, 35, 63, 14, 2, 10, 5, 0, 12, 0, 0, 5, 0, 2, 0, 146, 152, 2, 2, 9, 20, 8, 1, 13, 0, 1, 0, 3, 9, 0, 0, 4]"
96,All About Eve,http://www.imsdb.com/scripts/All-About-Eve.html,"[215, 50, 85, 3, 20, 1, 0, 1, 4, 0, 0, 0, 3, 5, 0, 0, 0, 406, 350, 2, 5, 18, 50, 11, 0, 7, 0, 0, 0, 2, 5, 0, 0, 0]"
97,Ninotchka,http://www.imsdb.com/scripts/Ninotchka.html,"[210, 85, 107, 7, 23, 2, 1, 17, 4, 0, 2, 0, 0, 0, 0, 1, 0, 191, 237, 0, 13, 12, 11, 21, 0, 7, 0, 0, 0, 0, 2, 0, 0, 1]"
98,Lost Horizon,http://www.imsdb.com/scripts/Lost-Horizon.html,"[335, 134, 236, 28, 46, 7, 3, 12, 16, 0, 9, 0, 19, 0, 0, 0, 0, 96, 128, 0, 2, 11, 26, 3, 0, 7, 0, 0, 0, 3, 2, 0, 0, 0]"
99,His Girl Friday,http://www.imsdb.com/scripts/His-Girl-Friday.html,"[343, 205, 187, 12, 44, 22, 4, 5, 0, 1, 3, 0, 3, 8, 0, 2, 0, 240, 203, 1, 5, 14, 10, 16, 5, 33, 2, 1, 0, 1, 15, 0, 0, 1]"
100,It's a Wonderful Life,http://www.imsdb.com/scripts/It's-a-Wonderful-Life.html,"[366, 169, 311, 15, 108, 27, 1, 31, 24, 0, 12, 0, 12, 2, 0, 161, 2, 127, 117, 1, 3, 5, 14, 3, 0, 43, 0, 0, 0, 1, 29, 0, 0, 0]"
101,Meet John Doe,http://www.imsdb.com/scripts/Meet-John-Doe.html,"[451, 220, 310, 19, 80, 18, 0, 21, 13, 1, 1, 0, 2, 1, 0, 2, 2, 133, 181, 0, 3, 13, 23, 7, 0, 41, 0, 0, 0, 7, 27, 0, 1, 0]"
102,Mary Poppins,http://www.imsdb.com/scripts/Mary-Poppins.html,"[50, 11, 27, 1, 17, 7, 3, 50, 40, 0, 3, 0, 1, 0, 0, 33, 0, 52, 28, 0, 1, 7, 4, 4, 4, 1, 0, 4, 0, 4, 3, 0, 0, 0]"
103,Die Hard,http://www.imsdb.com/scripts/Die-Hard.html,"[433, 128, 331, 31, 41, 3, 0, 7, 0, 0, 2, 0, 8, 2, 1, 0, 0, 50, 63, 0, 1, 11, 4, 5, 0, 3, 0, 0, 0, 2, 9, 1, 0, 0]"
104,The Long Kiss Goodnight,"http://www.imsdb.com/scripts/Long-Kiss-Goodnight,-The.html","[256, 136, 191, 13, 72, 10, 0, 12, 9, 0, 9, 0, 0, 6, 0, 0, 0, 339, 378, 1, 15, 13, 35, 11, 0, 12, 0, 18, 0, 1, 5, 0, 0, 0]"
105,The Ghost and the Darkness,"http://www.imsdb.com/scripts/Ghost-and-the-Darkness,-The.html","[315, 90, 199, 4, 46, 1, 0, 2, 0, 0, 6, 0, 2, 0, 0, 0, 0, 17, 7, 0, 1, 1, 0, 0, 0, 5, 0, 0, 0, 0, 4, 0, 0, 0]"
106,Swingers,http://www.imsdb.com/scripts/Swingers.html,"[172, 30, 68, 7, 42, 8, 0, 1, 0, 0, 0, 0, 5, 0, 0, 0, 0, 124, 87, 0, 1, 7, 13, 1, 0, 0, 1, 0, 0, 0, 0, 3, 0, 0]"
107,Bonnie and Clyde,http://www.imsdb.com/scripts/Bonnie-and-Clyde.html,"[359, 143, 246, 11, 73, 46, 2, 2, 3, 0, 13, 0, 16, 1, 0, 4, 0, 233, 264, 2, 23, 30, 5, 9, 0, 15, 0, 2, 0, 10, 8, 0, 0, 0]"
108,Reservoir Dogs,http://www.imsdb.com/scripts/Reservoir-Dogs.html,"[259, 112, 155, 6, 31, 7, 0, 0, 4, 0, 4, 0, 1, 0, 0, 4, 0, 52, 30, 0, 0, 8, 8, 6, 0, 3, 0, 0, 0, 2, 4, 1, 0, 0]"
109,Platoon,http://www.imsdb.com/scripts/Platoon.html,"[321, 204, 486, 20, 182, 13, 3, 21, 0, 0, 5, 0, 1, 1, 0, 0, 0, 38, 40, 0, 0, 8, 8, 1, 0, 3, 0, 3, 0, 1, 5, 0, 0, 0]"
110,Basic Instinct,http://www.imsdb.com/scripts/Basic-Instinct.html,"[478, 234, 180, 8, 29, 2, 0, 2, 0, 0, 12, 0, 0, 2, 1, 0, 0, 445, 412, 1, 8, 38, 4, 2, 0, 0, 0, 1, 0, 0, 3, 7, 0, 0]"
111,The Doors,"http://www.imsdb.com/scripts/Doors,-The.html","[293, 156, 282, 13, 196, 22, 6, 3, 16, 1, 5, 0, 5, 5, 4, 4, 0, 120, 164, 0, 3, 19, 66, 9, 0, 14, 1, 3, 0, 4, 6, 5, 0, 0]"
112,Top Gun,http://www.imsdb.com/scripts/Top-Gun.html,"[427, 197, 217, 12, 29, 2, 0, 31, 2, 0, 5, 0, 0, 1, 0, 0, 0, 138, 76, 1, 1, 9, 19, 0, 0, 3, 0, 0, 0, 3, 5, 0, 0, 0]"
113,The Abyss,"http://www.imsdb.com/scripts/Abyss,-The.html","[320, 137, 286, 15, 32, 2, 1, 8, 0, 0, 7, 0, 1, 0, 0, 0, 0, 159, 237, 3, 5, 9, 0, 4, 0, 0, 0, 0, 0, 0, 2, 0, 0, 0]"
114,The Grifters,"http://www.imsdb.com/scripts/Grifters,-The.html","[240, 94, 158, 17, 22, 4, 0, 3, 1, 0, 9, 0, 1, 2, 0, 0, 0, 242, 229, 2, 14, 8, 1, 2, 0, 18, 1, 0, 0, 0, 3, 0, 0, 0]"
115,The English Patient,"http://www.imsdb.com/scripts/English-Patient,-The.html","[462, 182, 321, 11, 56, 15, 0, 14, 1, 0, 2, 0, 3, 6, 0, 3, 0, 244, 235, 3, 10, 30, 14, 10, 0, 3, 0, 0, 0, 1, 22, 0, 2, 0]"
116,One Flew Over the Cuckoo's Nest,http://www.imsdb.com/scripts/One-Flew-Over-the-Cuckoo's-Nest.html,"[211, 95, 274, 24, 41, 16, 1, 3, 0, 0, 5, 0, 6, 0, 1, 0, 0, 56, 73, 0, 2, 4, 4, 6, 0, 4, 0, 0, 0, 0, 11, 0, 3, 0]"
117,The Princess Bride,"http://www.imsdb.com/scripts/Princess-Bride,-The.html","[343, 112, 230, 11, 199, 6, 0, 5, 23, 61, 3, 0, 0, 0, 0, 0, 0, 87, 122, 0, 1, 6, 5, 2, 1, 9, 0, 0, 0, 0, 7, 0, 0, 0]"
118,Brazil,http://www.imsdb.com/scripts/Brazil.html,"[511, 132, 294, 26, 24, 16, 0, 24, 7, 0, 4, 0, 0, 2, 0, 0, 0, 93, 116, 0, 3, 18, 55, 7, 6, 90, 0, 4, 0, 0, 4, 0, 0, 0]"
119,Aliens,http://www.imsdb.com/scripts/Aliens.html,"[123, 70, 123, 7, 23, 0, 0, 9, 0, 0, 2, 0, 2, 0, 0, 0, 0, 318, 368, 3, 11, 10, 11, 2, 0, 2, 0, 2, 0, 0, 1, 0, 0, 0]"
120,Apocalypse Now,http://www.imsdb.com/scripts/Apocalypse-Now.html,"[412, 143, 222, 29, 54, 15, 0, 37, 1, 0, 11, 0, 1, 2, 0, 0, 0, 42, 29, 0, 2, 4, 5, 0, 0, 1, 0, 3, 0, 0, 22, 0, 0, 0]"
121,Alien,http://www.imsdb.com/scripts/Alien.html,"[0, 2, 4, 0, 6, 0, 0, 0, 0, 0, 0, 0, 0, 0, 0, 0, 0, 0, 0, 0, 0, 0, 0, 0, 0, 0, 0, 0, 0, 0, 0, 0, 0, 0]"
122,Army of Darkness,http://www.imsdb.com/scripts/Army-of-Darkness.html,"[229, 66, 213, 10, 14, 6, 12, 1, 0, 1, 1, 0, 1, 0, 0, 0, 0, 26, 39, 0, 1, 22, 0, 1, 0, 0, 0, 0, 0, 0, 0, 0, 0, 0]"
123,Psycho,http://www.imsdb.com/scripts/Psycho.html,"[385, 91, 184, 10, 47, 12, 0, 1, 2, 0, 7, 0, 0, 0, 1, 0, 0, 341, 307, 0, 17, 38, 22, 4, 0, 77, 0, 1, 0, 22, 7, 0, 0, 0]"
124,Amadeus,http://www.imsdb.com/scripts/Amadeus.html,"[509, 248, 332, 21, 79, 18, 4, 42, 50, 0, 25, 0, 0, 17, 0, 0, 0, 142, 136, 0, 10, 18, 27, 20, 0, 13, 0, 7, 0, 3, 23, 0, 0, 3]"
125,Raging Bull,http://www.imsdb.com/scripts/Raging-Bull.html,"[227, 159, 223, 12, 11, 1, 1, 1, 3, 0, 0, 0, 27, 1, 0, 0, 0, 86, 130, 0, 4, 0, 22, 1, 0, 6, 0, 0, 0, 3, 21, 1, 0, 0]"
126,Annie Hall,http://www.imsdb.com/scripts/Annie-Hall.html,"[208, 75, 179, 4, 94, 11, 0, 0, 26, 0, 1, 0, 5, 1, 0, 5, 0, 120, 140, 0, 3, 36, 40, 2, 0, 28, 0, 0, 0, 3, 12, 0, 4, 0]"
127,The Sting,"http://www.imsdb.com/scripts/Sting,-The.html","[437, 213, 289, 20, 89, 8, 1, 5, 0, 0, 1, 0, 1, 0, 0, 0, 0, 40, 36, 0, 0, 11, 4, 5, 0, 0, 0, 0, 0, 0, 0, 0, 0, 0]"
128,Miller's Crossing,http://www.imsdb.com/scripts/Miller's-Crossing.html,"[469, 253, 401, 20, 104, 23, 0, 1, 0, 0, 3, 0, 11, 0, 1, 1, 0, 71, 83, 1, 5, 11, 1, 1, 0, 3, 0, 0, 0, 5, 2, 0, 0, 0]"
129,Dead Poets Society,http://www.imsdb.com/scripts/Dead-Poets-Society.html,"[193, 95, 247, 12, 21, 29, 2, 21, 37, 0, 17, 0, 10, 2, 0, 2, 0, 31, 58, 0, 2, 6, 10, 2, 0, 9, 0, 0, 0, 0, 2, 0, 1, 1]"
130,The Graduate,"http://www.imsdb.com/scripts/Graduate,-The.html","[299, 100, 164, 8, 20, 9, 0, 28, 8, 0, 3, 0, 6, 9, 0, 0, 0, 155, 187, 0, 2, 17, 10, 21, 1, 10, 2, 7, 0, 1, 3, 0, 0, 0]"
131,Chinatown,http://www.imsdb.com/scripts/Chinatown.html,"[390, 151, 221, 22, 50, 17, 0, 5, 19, 0, 7, 1, 0, 32, 0, 0, 0, 171, 189, 0, 6, 22, 25, 2, 0, 4, 0, 12, 0, 10, 19, 7, 0, 0]"
132,The Day the Earth Stood Still,"http://www.imsdb.com/scripts/Day-the-Earth-Stood-Still,-The.html","[464, 159, 253, 16, 82, 15, 0, 12, 1, 0, 0, 0, 0, 2, 0, 0, 0, 106, 89, 0, 6, 10, 3, 2, 0, 10, 0, 0, 0, 0, 1, 0, 0, 0]"
133,Duck Soup,http://www.imsdb.com/scripts/Duck-Soup.html,"[227, 104, 232, 6, 36, 3, 1, 4, 10, 0, 7, 0, 1, 7, 0, 4, 0, 68, 100, 0, 1, 14, 40, 2, 0, 1, 0, 0, 0, 0, 4, 0, 0, 10]"
134,The Shining,"http://www.imsdb.com/scripts/Shining,-The.html","[244, 125, 164, 5, 18, 15, 0, 33, 0, 0, 8, 0, 0, 6, 0, 0, 0, 129, 99, 0, 3, 24, 1, 8, 0, 3, 1, 0, 0, 0, 8, 0, 0, 0]"
135,The Deer Hunter,"http://www.imsdb.com/scripts/Deer-Hunter,-The.html","[300, 165, 336, 19, 38, 14, 1, 3, 14, 0, 6, 0, 0, 0, 0, 0, 1, 80, 88, 0, 8, 5, 32, 0, 0, 28, 0, 0, 0, 0, 11, 0, 0, 0]"
136,Groundhog Day,http://www.imsdb.com/scripts/Groundhog-Day.html,"[211, 106, 184, 26, 35, 2, 0, 2, 0, 0, 0, 0, 1, 0, 0, 1, 0, 80, 104, 0, 5, 14, 8, 1, 0, 1, 0, 0, 0, 2, 0, 0, 0, 0]"
137,The Manchurian Candidate,"http://www.imsdb.com/scripts/Manchurian-Candidate,-The.html","[201, 119, 279, 14, 46, 6, 0, 43, 13, 2, 11, 1, 0, 1, 0, 0, 0, 62, 99, 0, 2, 26, 4, 2, 0, 38, 1, 3, 0, 0, 1, 1, 0, 0]"
138,Arsenic and Old Lace,http://www.imsdb.com/scripts/Arsenic-and-Old-Lace.html,"[594, 247, 421, 17, 33, 7, 0, 3, 11, 10, 2, 0, 29, 1, 0, 0, 5, 106, 128, 0, 0, 1, 5, 3, 1, 7, 0, 5, 0, 14, 1, 0, 39, 0]"
139,Highlander,http://www.imsdb.com/scripts/Highlander.html,"[169, 77, 236, 11, 56, 20, 0, 8, 27, 2, 11, 5, 2, 3, 0, 11, 0, 54, 100, 0, 4, 21, 7, 5, 0, 23, 0, 0, 0, 0, 1, 0, 0, 0]"
140,Heathers,http://www.imsdb.com/scripts/Heathers.html,"[74, 33, 82, 4, 16, 3, 0, 1, 17, 1, 11, 0, 1, 0, 3, 0, 0, 170, 322, 0, 6, 2, 24, 2, 0, 7, 1, 1, 0, 0, 0, 1, 0, 0]"
141,Indiana Jones and the Last Crusade,http://www.imsdb.com/scripts/Indiana-Jones-and-the-Last-Crusade.html,"[323, 137, 379, 24, 61, 9, 3, 8, 39, 1, 6, 0, 3, 0, 0, 0, 0, 51, 66, 0, 4, 12, 0, 0, 1, 2, 0, 0, 0, 0, 0, 0, 0, 0]"
142,Being There,http://www.imsdb.com/scripts/Being-There.html,"[262, 91, 224, 9, 90, 15, 7, 42, 1, 0, 1, 0, 0, 1, 0, 0, 0, 68, 68, 0, 5, 8, 0, 26, 0, 0, 0, 1, 0, 0, 6, 0, 0, 0]"
143,Gandhi,http://www.imsdb.com/scripts/Gandhi.html,"[815, 379, 655, 22, 92, 22, 24, 69, 11, 0, 10, 0, 2, 6, 0, 1, 0, 150, 195, 0, 4, 34, 5, 2, 0, 16, 0, 4, 0, 0, 14, 0, 0, 0]"
144,Real Genius,http://www.imsdb.com/scripts/Real-Genius.html,"[275, 72, 145, 12, 11, 9, 0, 9, 3, 0, 2, 0, 1, 1, 0, 2, 0, 29, 25, 0, 0, 5, 9, 1, 0, 5, 0, 2, 0, 1, 0, 0, 0, 0]"
145,Field of Dreams,http://www.imsdb.com/scripts/Field-of-Dreams.html,"[365, 124, 205, 12, 49, 3, 3, 6, 21, 0, 7, 0, 2, 3, 0, 2, 0, 59, 97, 0, 2, 9, 1, 1, 1, 18, 0, 6, 1, 1, 11, 2, 0, 0]"
146,April Fool's Day,http://www.imsdb.com/scripts/April-Fool's-Day.html,"[234, 94, 152, 12, 4, 7, 0, 2, 9, 0, 0, 0, 3, 0, 2, 29, 1, 178, 194, 0, 15, 2, 4, 2, 0, 2, 0, 0, 0, 4, 0, 0, 0, 0]"
147,The Birds,"http://www.imsdb.com/scripts/Birds,-The.html","[226, 80, 108, 1, 47, 15, 2, 8, 8, 0, 4, 0, 2, 3, 0, 0, 0, 407, 426, 0, 6, 37, 24, 6, 3, 36, 0, 3, 0, 2, 8, 0, 3, 0]"
148,Carrie,http://www.imsdb.com/scripts/Carrie.html,"[153, 47, 70, 2, 6, 9, 6, 1, 2, 0, 0, 0, 0, 1, 1, 1, 0, 308, 380, 2, 22, 11, 19, 4, 0, 26, 1, 8, 0, 2, 1, 2, 0, 0]"
149,Blood and Wine,http://www.imsdb.com/scripts/Blood-and-Wine.html,"[473, 157, 335, 17, 37, 3, 0, 1, 6, 0, 5, 0, 0, 4, 0, 0, 0, 255, 305, 3, 12, 7, 1, 2, 0, 12, 3, 0, 0, 0, 7, 1, 0, 0]"
150,Sling Blade,http://www.imsdb.com/scripts/Sling-Blade.html,"[298, 127, 98, 1, 42, 80, 5, 15, 7, 0, 13, 0, 4, 0, 4, 0, 0, 71, 60, 2, 0, 8, 6, 2, 0, 16, 0, 3, 0, 1, 1, 2, 0, 0]"
151,Die Hard 2,http://www.imsdb.com/scripts/Die-Hard-2.html,"[281, 112, 226, 14, 36, 4, 0, 11, 0, 0, 8, 0, 0, 2, 0, 0, 1, 30, 42, 0, 3, 13, 8, 1, 0, 5, 1, 0, 0, 0, 9, 0, 0, 0]"
152,Jaws,http://www.imsdb.com/scripts/Jaws.html,"[349, 157, 308, 29, 39, 16, 0, 3, 2, 1, 6, 0, 1, 3, 2, 0, 0, 46, 71, 0, 0, 8, 9, 5, 0, 2, 0, 0, 0, 0, 2, 0, 0, 0]"
153,Jaws 2,http://www.imsdb.com/scripts/Jaws-2.html,"[263, 101, 204, 11, 27, 4, 0, 0, 3, 0, 10, 0, 6, 4, 1, 1, 0, 74, 88, 0, 4, 7, 10, 3, 0, 1, 0, 3, 0, 0, 1, 0, 0, 0]"
154,Jerry Maguire,http://www.imsdb.com/scripts/Jerry-Maguire.html,"[346, 139, 188, 16, 62, 11, 0, 0, 4, 0, 20, 0, 14, 4, 2, 0, 0, 208, 168, 1, 11, 29, 12, 2, 0, 15, 0, 0, 0, 12, 12, 10, 1, 0]"
155,Raising Arizona,http://www.imsdb.com/scripts/Raising-Arizona.html,"[343, 148, 355, 12, 37, 19, 1, 20, 1, 0, 14, 0, 0, 2, 0, 0, 0, 71, 87, 1, 1, 12, 0, 1, 0, 0, 0, 0, 0, 1, 12, 0, 0, 0]"
156,Tin Men,http://www.imsdb.com/scripts/Tin-Men.html,"[393, 115, 226, 11, 78, 3, 2, 8, 0, 0, 15, 0, 1, 13, 0, 0, 0, 72, 69, 0, 0, 11, 36, 0, 0, 0, 0, 1, 0, 2, 33, 0, 1, 0]"
157,Scream,http://www.imsdb.com/scripts/Scream.html,"[197, 91, 139, 7, 110, 8, 0, 3, 30, 0, 1, 0, 2, 2, 11, 0, 0, 296, 344, 0, 25, 7, 25, 3, 0, 27, 0, 5, 0, 1, 6, 5, 0, 0]"
158,The Last of the Mohicans,"http://www.imsdb.com/scripts/Last-of-the-Mohicans,-The.html","[287, 127, 356, 5, 56, 5, 0, 17, 44, 0, 11, 0, 5, 0, 0, 0, 0, 95, 175, 2, 3, 8, 6, 0, 0, 1, 0, 1, 0, 3, 6, 0, 0, 0]"
159,Metro,http://www.imsdb.com/scripts/Metro.html,"[442, 163, 290, 15, 30, 1, 0, 1, 0, 0, 2, 0, 1, 4, 0, 0, 0, 105, 88, 0, 1, 16, 18, 3, 0, 2, 0, 1, 0, 0, 12, 5, 0, 0]"
160,Absolute Power,http://www.imsdb.com/scripts/Absolute-Power.html,"[464, 111, 228, 13, 41, 2, 10, 8, 9, 0, 1, 0, 0, 1, 0, 0, 0, 168, 208, 0, 0, 21, 9, 1, 0, 11, 0, 7, 0, 0, 4, 0, 0, 0]"
161,Lost Highway,http://www.imsdb.com/scripts/Lost-Highway.html,"[354, 153, 308, 12, 112, 0, 0, 2, 1, 0, 5, 0, 0, 1, 0, 0, 0, 135, 171, 0, 3, 10, 14, 0, 0, 4, 0, 1, 0, 0, 6, 5, 0, 0]"
162,Donnie Brasco,http://www.imsdb.com/scripts/Donnie-Brasco.html,"[239, 130, 164, 6, 23, 0, 0, 9, 7, 0, 8, 0, 4, 1, 3, 4, 0, 46, 69, 0, 1, 3, 4, 3, 0, 7, 0, 4, 0, 0, 20, 2, 0, 0]"
163,The Saint,"http://www.imsdb.com/scripts/Saint,-The.html","[290, 92, 259, 12, 54, 15, 0, 7, 31, 0, 0, 0, 1, 1, 1, 1, 0, 167, 167, 0, 4, 27, 2, 2, 0, 2, 1, 1, 0, 0, 5, 0, 0, 0]"
164,Crash,http://www.imsdb.com/scripts/Crash.html,"[145, 68, 212, 13, 23, 1, 0, 0, 0, 0, 0, 0, 0, 8, 0, 0, 0, 87, 254, 0, 7, 27, 7, 0, 0, 0, 0, 0, 0, 0, 9, 0, 0, 0]"
165,Liar Liar,http://www.imsdb.com/scripts/Liar-Liar.html,"[211, 95, 161, 18, 33, 9, 0, 3, 11, 0, 17, 0, 1, 5, 2, 1, 0, 64, 68, 1, 3, 11, 1, 4, 0, 8, 0, 0, 0, 1, 5, 0, 0, 0]"
166,Anna Karenina,http://www.imsdb.com/scripts/Anna-Karenina.html,"[293, 200, 227, 26, 30, 10, 4, 4, 14, 0, 15, 0, 9, 22, 0, 0, 0, 270, 433, 2, 11, 18, 8, 7, 0, 17, 0, 8, 1, 5, 40, 0, 2, 0]"
167,Inventing the Abbotts,http://www.imsdb.com/scripts/Inventing-the-Abbotts.html,"[282, 90, 194, 3, 15, 5, 1, 3, 17, 1, 2, 0, 13, 1, 2, 0, 0, 206, 271, 3, 6, 8, 7, 0, 0, 26, 1, 7, 0, 2, 1, 0, 0, 0]"
168,Breakdown,http://www.imsdb.com/scripts/Breakdown.html,"[398, 99, 304, 14, 23, 9, 0, 15, 4, 0, 3, 0, 0, 4, 0, 0, 0, 82, 77, 0, 4, 14, 4, 1, 0, 2, 0, 0, 0, 0, 31, 0, 0, 0]"
169,The Fifth Element,"http://www.imsdb.com/scripts/Fifth-Element,-The.html","[195, 91, 236, 20, 35, 8, 2, 16, 15, 1, 5, 0, 0, 1, 0, 0, 0, 116, 139, 0, 1, 5, 47, 1, 0, 18, 0, 1, 0, 0, 11, 0, 0, 0]"
170,My Best Friend's Wedding,http://www.imsdb.com/scripts/My-Best-Friend's-Wedding.html,"[318, 116, 185, 3, 32, 10, 0, 4, 7, 0, 3, 0, 0, 3, 0, 0, 0, 510, 556, 1, 22, 16, 26, 3, 0, 1, 1, 11, 0, 7, 4, 2, 1, 0]"
171,Men in Black,http://www.imsdb.com/scripts/Men-in-Black.html,"[315, 139, 233, 16, 40, 2, 0, 11, 1, 0, 5, 0, 0, 2, 0, 1, 0, 77, 86, 0, 1, 13, 3, 1, 0, 2, 0, 0, 0, 0, 5, 1, 0, 0]"
172,G.I. Jane,http://www.imsdb.com/scripts/G.I.-Jane.html,"[124, 54, 76, 2, 35, 1, 1, 71, 3, 0, 0, 0, 2, 0, 0, 0, 0, 140, 176, 0, 2, 15, 6, 0, 4, 0, 0, 0, 0, 0, 1, 1, 0, 0]"
173,Conan the Barbarian,http://www.imsdb.com/scripts/Conan-the-Barbarian.html,"[262, 127, 354, 14, 26, 21, 1, 1, 27, 0, 13, 0, 1, 1, 0, 0, 0, 81, 194, 0, 7, 11, 20, 0, 0, 6, 0, 0, 0, 0, 3, 0, 0, 0]"
174,Event Horizon,http://www.imsdb.com/scripts/Event-Horizon.html,"[198, 91, 204, 14, 42, 1, 0, 4, 0, 0, 8, 0, 0, 0, 0, 0, 0, 83, 123, 1, 1, 7, 0, 0, 0, 1, 0, 0, 0, 0, 3, 0, 0, 0]"
175,Mimic,http://www.imsdb.com/scripts/Mimic.html,"[217, 70, 203, 17, 60, 12, 0, 0, 3, 1, 1, 3, 2, 1, 0, 0, 0, 106, 159, 0, 9, 5, 2, 9, 0, 1, 0, 0, 0, 0, 0, 0, 0, 0]"
176,Air Force One,http://www.imsdb.com/scripts/Air-Force-One.html,"[251, 78, 270, 14, 18, 4, 0, 53, 11, 0, 1, 0, 0, 8, 0, 0, 0, 46, 88, 0, 1, 8, 3, 13, 0, 0, 0, 15, 0, 0, 3, 0, 0, 0]"
177,The Hunt for Red October,"http://www.imsdb.com/scripts/Hunt-for-Red-October,-The.html","[187, 108, 217, 6, 25, 3, 0, 23, 3, 2, 5, 0, 4, 0, 0, 3, 0, 24, 28, 0, 0, 5, 1, 0, 0, 3, 0, 1, 0, 0, 6, 0, 0, 0]"
178,L.A. Confidential,http://www.imsdb.com/scripts/L.A.-Confidential.html,"[267, 170, 255, 14, 36, 6, 0, 16, 15, 0, 5, 0, 3, 1, 7, 0, 0, 76, 88, 0, 1, 10, 20, 0, 0, 7, 0, 7, 0, 0, 10, 1, 0, 0]"
179,The Game,"http://www.imsdb.com/scripts/Game,-The.html","[462, 163, 388, 27, 92, 7, 0, 8, 14, 0, 2, 0, 17, 1, 0, 0, 0, 119, 143, 0, 3, 17, 28, 2, 0, 1, 0, 2, 0, 0, 2, 0, 0, 0]"
180,U Turn,http://www.imsdb.com/scripts/U-Turn.html,"[334, 158, 276, 19, 125, 16, 1, 6, 4, 1, 8, 0, 2, 4, 3, 0, 0, 175, 213, 4, 5, 37, 21, 7, 0, 10, 1, 3, 0, 0, 13, 0, 0, 0]"
181,The Assignment,"http://www.imsdb.com/scripts/Assignment,-The.html","[587, 237, 356, 16, 66, 10, 0, 19, 26, 0, 15, 0, 0, 2, 0, 0, 0, 100, 147, 2, 5, 20, 9, 1, 1, 11, 0, 0, 0, 0, 21, 5, 0, 0]"
182,The Ice Storm,"http://www.imsdb.com/scripts/Ice-Storm,-The.html","[206, 68, 165, 14, 10, 2, 2, 1, 9, 0, 12, 0, 5, 5, 0, 1, 0, 141, 166, 1, 7, 7, 6, 4, 0, 6, 0, 2, 0, 2, 8, 3, 0, 0]"
183,Chasing Amy,http://www.imsdb.com/scripts/Chasing-Amy.html,"[186, 108, 143, 11, 48, 13, 0, 2, 6, 0, 2, 0, 5, 1, 2, 7, 0, 166, 194, 0, 2, 27, 44, 1, 0, 18, 2, 0, 0, 2, 0, 1, 0, 0]"
184,Gattaca,http://www.imsdb.com/scripts/Gattaca.html,"[287, 76, 424, 35, 39, 1, 0, 8, 10, 0, 4, 0, 14, 1, 0, 0, 0, 57, 104, 0, 5, 14, 1, 0, 0, 6, 0, 0, 0, 0, 2, 0, 0, 0]"
185,Gang Related,http://www.imsdb.com/scripts/Gang-Related.html,"[280, 146, 227, 7, 71, 0, 0, 0, 0, 0, 0, 0, 1, 0, 0, 0, 0, 119, 147, 0, 4, 15, 2, 0, 0, 2, 0, 0, 0, 3, 5, 1, 0, 0]"
186,Bean,http://www.imsdb.com/scripts/Bean.html,"[590, 132, 347, 25, 65, 10, 29, 35, 3, 0, 6, 1, 1, 1, 2, 0, 0, 85, 78, 1, 3, 11, 7, 16, 0, 37, 0, 6, 0, 1, 8, 0, 0, 0]"
187,Boogie Nights,http://www.imsdb.com/scripts/Boogie-Nights.html,"[200, 80, 174, 4, 42, 16, 1, 4, 9, 0, 4, 0, 3, 9, 0, 2, 0, 111, 90, 0, 0, 5, 14, 21, 0, 53, 0, 0, 0, 3, 29, 7, 0, 0]"
188,Witness,http://www.imsdb.com/scripts/Witness.html,"[344, 164, 282, 15, 84, 20, 1, 1, 5, 2, 16, 1, 4, 3, 0, 0, 0, 126, 111, 3, 6, 15, 1, 6, 0, 9, 0, 1, 0, 5, 7, 0, 0, 0]"
189,Starship Troopers,http://www.imsdb.com/scripts/Starship-Troopers.html,"[105, 79, 161, 12, 12, 6, 0, 92, 26, 0, 8, 0, 0, 0, 0, 0, 0, 83, 138, 0, 5, 2, 13, 0, 0, 22, 0, 0, 0, 3, 1, 0, 0, 0]"
190,The Truman Show,"http://www.imsdb.com/scripts/Truman-Show,-The.html","[383, 127, 477, 35, 57, 28, 0, 0, 32, 0, 4, 0, 3, 1, 0, 0, 0, 79, 163, 0, 17, 47, 2, 3, 0, 20, 0, 1, 0, 13, 4, 1, 0, 0]"
191,Anastasia,http://www.imsdb.com/scripts/Anastasia.html,"[144, 88, 168, 9, 12, 16, 0, 1, 6, 0, 2, 0, 0, 2, 0, 0, 0, 209, 314, 2, 15, 21, 18, 4, 0, 0, 5, 0, 2, 0, 2, 0, 1, 0]"
192,Good Will Hunting,http://www.imsdb.com/scripts/Good-Will-Hunting.html,"[234, 82, 148, 4, 23, 20, 0, 1, 4, 0, 5, 0, 4, 0, 0, 11, 0, 53, 36, 0, 1, 7, 13, 2, 0, 7, 0, 0, 0, 1, 13, 0, 0, 0]"
193,Scream 2,http://www.imsdb.com/scripts/Scream-2.html,"[167, 75, 111, 3, 55, 5, 0, 2, 2, 0, 6, 0, 1, 1, 5, 0, 0, 344, 311, 0, 13, 7, 59, 0, 0, 7, 0, 0, 0, 3, 0, 0, 0, 0]"
194,The Sweet Hereafter,"http://www.imsdb.com/scripts/Sweet-Hereafter,-The.html","[180, 41, 129, 6, 8, 6, 1, 0, 18, 0, 6, 0, 0, 3, 0, 0, 0, 93, 133, 0, 7, 5, 14, 0, 0, 12, 0, 13, 0, 7, 6, 0, 0, 0]"
195,Titanic,http://www.imsdb.com/scripts/Titanic.html,"[409, 179, 349, 20, 54, 7, 0, 30, 16, 1, 7, 0, 0, 9, 1, 0, 0, 361, 527, 6, 12, 36, 21, 13, 0, 23, 2, 5, 1, 1, 7, 0, 0, 0]"
196,Tomorrow Never Dies,http://www.imsdb.com/scripts/Tomorrow-Never-Dies.html,"[350, 148, 263, 21, 51, 0, 0, 39, 5, 2, 2, 0, 0, 0, 1, 7, 0, 87, 101, 0, 1, 25, 12, 1, 0, 0, 0, 0, 0, 0, 4, 0, 0, 0]"
197,The Postman,"http://www.imsdb.com/scripts/Postman,-The.html","[404, 164, 306, 25, 66, 34, 3, 23, 7, 0, 4, 0, 1, 2, 0, 0, 0, 88, 90, 0, 0, 19, 3, 2, 0, 2, 0, 4, 0, 3, 3, 0, 0, 0]"
198,The Horse Whisperer,"http://www.imsdb.com/scripts/Horse-Whisperer,-The.html","[454, 246, 338, 13, 33, 12, 1, 0, 18, 1, 7, 1, 4, 6, 0, 2, 1, 526, 579, 1, 39, 36, 8, 6, 0, 26, 0, 21, 0, 2, 13, 0, 0, 0]"
199,Jackie Brown,http://www.imsdb.com/scripts/Jackie-Brown.html,"[373, 154, 211, 13, 49, 7, 0, 1, 1, 0, 0, 0, 2, 1, 1, 0, 0, 318, 331, 1, 9, 38, 29, 3, 0, 3, 1, 0, 0, 0, 3, 2, 0, 0]"
200,Kundun,http://www.imsdb.com/scripts/Kundun.html,"[320, 81, 292, 8, 79, 159, 109, 0, 54, 0, 7, 0, 24, 3, 0, 0, 0, 14, 38, 0, 0, 27, 0, 0, 0, 91, 0, 0, 0, 8, 0, 0, 0, 0]"
201,The Big Lebowski,"http://www.imsdb.com/scripts/Big-Lebowski,-The.html","[250, 74, 225, 12, 202, 2, 3, 20, 19, 0, 5, 0, 2, 1, 1, 0, 0, 59, 77, 1, 6, 35, 3, 8, 0, 4, 0, 2, 0, 0, 11, 1, 0, 0]"
202,Wag the Dog,http://www.imsdb.com/scripts/Wag-the-Dog.html,"[312, 140, 182, 28, 37, 7, 5, 8, 0, 0, 3, 0, 0, 1, 0, 0, 0, 50, 38, 0, 3, 21, 30, 2, 0, 4, 2, 0, 0, 4, 5, 0, 0, 0]"
203,Dark City,http://www.imsdb.com/scripts/Dark-City.html,"[509, 141, 413, 21, 159, 7, 0, 19, 3, 0, 0, 0, 0, 1, 0, 16, 0, 83, 82, 0, 1, 77, 4, 0, 0, 13, 0, 0, 0, 0, 20, 0, 0, 0]"
204,Hard Rain,http://www.imsdb.com/scripts/Hard-Rain.html,"[247, 91, 208, 15, 11, 0, 2, 1, 1, 0, 8, 0, 1, 0, 0, 4, 1, 55, 67, 1, 1, 2, 1, 0, 0, 0, 0, 1, 0, 1, 2, 0, 0, 0]"
205,Deep Rising,http://www.imsdb.com/scripts/Deep-Rising.html,"[196, 82, 205, 10, 29, 1, 0, 3, 0, 0, 3, 0, 0, 0, 0, 0, 0, 99, 167, 1, 5, 18, 1, 11, 0, 1, 0, 0, 0, 0, 2, 0, 0, 0]"
206,Sphere,http://www.imsdb.com/scripts/Sphere.html,"[209, 137, 233, 12, 18, 1, 0, 40, 0, 0, 1, 0, 2, 0, 0, 0, 0, 74, 126, 0, 1, 2, 0, 0, 0, 3, 0, 0, 0, 0, 11, 0, 0, 0]"
207,Twilight,http://www.imsdb.com/scripts/Twilight.html,"[288, 114, 169, 5, 3, 10, 0, 2, 14, 0, 1, 0, 0, 0, 1, 0, 0, 325, 390, 0, 11, 7, 9, 0, 0, 11, 0, 3, 0, 0, 2, 0, 0, 0]"
208,Wild Things,http://www.imsdb.com/scripts/Wild-Things.html,"[274, 102, 209, 17, 36, 4, 0, 0, 4, 1, 1, 0, 0, 0, 0, 0, 0, 234, 312, 2, 10, 8, 20, 5, 0, 8, 2, 5, 0, 0, 0, 1, 0, 1]"
209,Lost in Space,http://www.imsdb.com/scripts/Lost-in-Space.html,"[104, 69, 192, 5, 21, 27, 1, 8, 31, 1, 18, 0, 0, 2, 0, 0, 0, 46, 99, 1, 2, 2, 11, 1, 0, 3, 0, 1, 0, 3, 3, 0, 0, 0]"
210,Godzilla,http://www.imsdb.com/scripts/Godzilla.html,"[286, 109, 233, 10, 28, 1, 0, 15, 0, 0, 0, 0, 0, 0, 0, 0, 0, 46, 51, 0, 2, 2, 6, 0, 0, 0, 0, 0, 0, 0, 0, 1, 0, 0]"
211,Fear and Loathing in Las Vegas,http://www.imsdb.com/scripts/Fear-and-Loathing-in-Las-Vegas.html,"[171, 69, 131, 12, 38, 14, 4, 5, 0, 0, 2, 0, 0, 0, 0, 0, 0, 53, 63, 0, 3, 9, 7, 5, 1, 1, 1, 0, 2, 0, 5, 0, 0, 1]"
212,Henry Fool,http://www.imsdb.com/scripts/Henry-Fool.html,"[500, 177, 343, 31, 35, 6, 2, 2, 40, 0, 4, 0, 6, 8, 0, 1, 0, 219, 272, 1, 12, 4, 21, 0, 0, 6, 0, 3, 0, 4, 3, 2, 0, 0]"
213,Mulan,http://www.imsdb.com/scripts/Mulan.html,"[76, 80, 181, 5, 76, 11, 0, 6, 26, 0, 3, 0, 15, 0, 0, 0, 0, 97, 213, 2, 5, 11, 22, 9, 0, 4, 0, 6, 1, 1, 0, 0, 0, 0]"
214,Out of Sight,http://www.imsdb.com/scripts/Out-of-Sight.html,"[412, 221, 289, 9, 59, 79, 0, 4, 7, 0, 2, 0, 2, 5, 4, 2, 0, 228, 279, 3, 1, 21, 18, 6, 0, 1, 0, 0, 0, 10, 7, 1, 0, 0]"
215,Armageddon,http://www.imsdb.com/scripts/Armageddon.html,"[128, 50, 153, 7, 18, 7, 0, 12, 9, 0, 6, 0, 1, 0, 0, 0, 0, 33, 37, 0, 0, 4, 2, 1, 0, 2, 0, 6, 0, 0, 2, 0, 1, 0]"
216,Pi,http://www.imsdb.com/scripts/Pi.html,"[333, 69, 231, 15, 42, 0, 0, 2, 0, 0, 0, 0, 0, 0, 3, 0, 0, 16, 26, 0, 0, 6, 2, 0, 0, 0, 0, 0, 0, 0, 3, 3, 0, 2]"
217,Grand Hotel,http://www.imsdb.com/scripts/Grand-Hotel.html,"[387, 122, 232, 18, 69, 22, 1, 17, 7, 0, 1, 0, 0, 1, 0, 0, 0, 306, 247, 0, 15, 18, 25, 14, 64, 1, 0, 0, 0, 0, 11, 0, 0, 0]"
218,All the King's Men,http://www.imsdb.com/scripts/All-the-King's-Men.html,"[320, 188, 187, 11, 64, 89, 1, 6, 9, 0, 13, 0, 6, 1, 0, 2, 0, 56, 56, 1, 3, 3, 10, 0, 0, 11, 0, 1, 0, 1, 8, 0, 0, 1]"
219,From Here to Eternity,http://www.imsdb.com/scripts/From-Here-to-Eternity.html,"[585, 227, 371, 23, 104, 10, 0, 46, 1, 0, 2, 0, 0, 6, 0, 1, 0, 118, 113, 1, 5, 12, 21, 3, 0, 3, 0, 1, 0, 3, 6, 0, 0, 0]"
220,Marty,http://www.imsdb.com/scripts/Marty.html,"[260, 59, 166, 11, 33, 26, 0, 0, 12, 0, 15, 0, 12, 13, 0, 1, 0, 182, 222, 1, 8, 30, 72, 9, 0, 55, 0, 7, 0, 16, 19, 0, 27, 0]"
221,Midnight Cowboy,http://www.imsdb.com/scripts/Midnight-Cowboy.html,"[171, 63, 299, 37, 40, 28, 0, 7, 4, 0, 6, 0, 1, 1, 0, 0, 0, 46, 118, 3, 7, 26, 22, 33, 0, 6, 0, 0, 0, 3, 1, 0, 1, 0]"
222,The French Connection,"http://www.imsdb.com/scripts/French-Connection,-The.html","[229, 76, 165, 1, 64, 1, 0, 3, 2, 0, 1, 0, 2, 0, 0, 1, 0, 18, 21, 0, 0, 2, 21, 5, 0, 0, 0, 0, 0, 0, 6, 1, 0, 0]"
223,Rocky,http://www.imsdb.com/scripts/Rocky.html,"[248, 71, 227, 12, 96, 13, 0, 0, 0, 0, 2, 0, 7, 0, 0, 3, 0, 60, 47, 0, 1, 10, 19, 1, 0, 1, 0, 0, 0, 18, 3, 2, 0, 0]"
224,Ordinary People,http://www.imsdb.com/scripts/Ordinary-People.html,"[164, 91, 111, 6, 36, 9, 1, 2, 13, 14, 7, 0, 6, 1, 0, 0, 0, 112, 68, 2, 2, 17, 2, 1, 0, 30, 24, 0, 0, 1, 11, 0, 0, 0]"
225,Klute,http://www.imsdb.com/scripts/Klute.html,"[362, 128, 165, 16, 65, 5, 0, 4, 6, 0, 3, 0, 0, 3, 0, 2, 0, 286, 254, 1, 12, 9, 33, 3, 0, 2, 0, 1, 0, 0, 3, 0, 0, 0]"
226,Repo Man,http://www.imsdb.com/scripts/Repo-Man.html,"[41, 26, 40, 1, 53, 5, 4, 5, 3, 0, 9, 0, 4, 0, 2, 0, 0, 13, 10, 0, 0, 2, 5, 16, 0, 3, 0, 2, 0, 0, 8, 3, 0, 0]"
227,Labyrinth,http://www.imsdb.com/scripts/Labyrinth.html,"[227, 125, 173, 9, 10, 0, 3, 8, 8, 0, 0, 0, 16, 0, 0, 0, 0, 294, 209, 1, 23, 27, 12, 10, 0, 11, 0, 0, 0, 1, 0, 0, 0, 0]"
228,The Breakfast Club,"http://www.imsdb.com/scripts/Breakfast-Club,-The.html","[115, 43, 74, 14, 23, 2, 0, 16, 19, 0, 7, 0, 1, 0, 1, 0, 0, 33, 65, 1, 3, 0, 5, 3, 0, 12, 0, 0, 0, 2, 0, 0, 0, 0]"
229,Friday the 13th,http://www.imsdb.com/scripts/Friday-the-13th.html,"[123, 42, 97, 1, 21, 7, 2, 0, 0, 0, 2, 0, 0, 0, 0, 1, 0, 222, 234, 1, 10, 8, 16, 0, 0, 0, 0, 0, 0, 0, 1, 1, 0, 0]"
230,Prom Night,http://www.imsdb.com/scripts/Prom-Night.html,"[154, 65, 130, 6, 11, 16, 0, 0, 15, 0, 6, 0, 2, 3, 0, 0, 0, 211, 297, 0, 7, 18, 23, 0, 0, 12, 0, 8, 0, 9, 8, 0, 0, 0]"
231,Gremlins,http://www.imsdb.com/scripts/Gremlins.html,"[360, 68, 243, 9, 29, 6, 1, 5, 7, 0, 10, 0, 4, 4, 1, 0, 0, 67, 68, 1, 0, 14, 7, 1, 0, 14, 0, 1, 0, 0, 3, 1, 0, 0]"
232,Dune,http://www.imsdb.com/scripts/Dune.html,"[231, 75, 181, 10, 15, 9, 12, 0, 29, 1, 12, 0, 3, 0, 0, 2, 0, 85, 83, 0, 2, 7, 4, 5, 0, 109, 0, 6, 0, 3, 6, 0, 0, 0]"
233,Saving Private Ryan,http://www.imsdb.com/scripts/Saving-Private-Ryan.html,"[239, 133, 219, 24, 18, 8, 0, 116, 4, 4, 6, 0, 8, 0, 0, 1, 0, 22, 16, 0, 2, 1, 0, 0, 0, 13, 0, 0, 0, 0, 2, 0, 1, 0]"
234,Blue Velvet,http://www.imsdb.com/scripts/Blue-Velvet.html,"[450, 128, 211, 16, 102, 12, 0, 6, 37, 0, 12, 0, 2, 7, 2, 0, 0, 179, 212, 0, 7, 14, 18, 5, 0, 17, 0, 1, 0, 0, 2, 1, 40, 0]"
235,The Little Mermaid,"http://www.imsdb.com/scripts/Little-Mermaid,-The.html","[60, 26, 18, 4, 5, 9, 0, 2, 8, 0, 0, 0, 0, 0, 0, 0, 0, 54, 54, 0, 2, 4, 28, 5, 0, 0, 0, 6, 0, 3, 1, 0, 0, 0]"
236,Newsies,http://www.imsdb.com/scripts/Newsies.html,"[266, 166, 169, 9, 23, 21, 0, 3, 6, 0, 5, 0, 5, 0, 0, 0, 0, 32, 23, 0, 3, 2, 1, 5, 0, 7, 0, 1, 0, 3, 0, 0, 0, 0]"
237,The Rescuers Down Under,"http://www.imsdb.com/scripts/Rescuers-Down-Under,-The.html","[91, 38, 47, 8, 3, 40, 0, 2, 1, 0, 0, 0, 1, 1, 0, 0, 0, 31, 38, 0, 0, 1, 4, 1, 1, 4, 0, 0, 0, 0, 0, 0, 0, 0]"
238,Indiana Jones and the Temple of Doom,http://www.imsdb.com/scripts/Indiana-Jones-and-the-Temple-of-Doom.html,"[394, 154, 337, 10, 42, 16, 3, 1, 4, 0, 7, 0, 0, 0, 0, 0, 0, 157, 203, 0, 6, 3, 6, 2, 0, 2, 0, 0, 0, 0, 2, 1, 0, 0]"
239,The Addams Family,"http://www.imsdb.com/scripts/Addams-Family,-The.html","[72, 32, 69, 4, 12, 5, 0, 0, 3, 1, 2, 0, 3, 1, 0, 7, 0, 41, 63, 0, 1, 3, 9, 1, 0, 16, 0, 0, 0, 1, 1, 0, 0, 0]"
240,Legend,http://www.imsdb.com/scripts/Legend.html,"[141, 71, 291, 15, 17, 7, 17, 0, 8, 0, 0, 0, 3, 0, 0, 0, 0, 112, 184, 0, 5, 3, 6, 7, 0, 3, 0, 0, 0, 2, 18, 0, 0, 0]"
241,St. Elmo's Fire,http://www.imsdb.com/scripts/St.-Elmo's-Fire.html,"[189, 77, 117, 4, 15, 3, 0, 3, 27, 0, 0, 0, 7, 2, 2, 0, 1, 173, 168, 0, 5, 29, 10, 7, 0, 7, 0, 0, 0, 3, 10, 1, 0, 2]"
242,The Avengers,"http://www.imsdb.com/scripts/Avengers,-The.html","[156, 86, 169, 10, 47, 3, 1, 29, 61, 0, 1, 0, 6, 15, 0, 0, 0, 127, 260, 0, 15, 10, 0, 28, 1, 124, 0, 1, 0, 1, 2, 0, 0, 0]"
243,Blade,http://www.imsdb.com/scripts/Blade.html,"[226, 127, 384, 17, 34, 6, 0, 1, 1, 0, 1, 0, 0, 0, 0, 1, 0, 135, 185, 0, 10, 17, 9, 0, 0, 13, 0, 0, 0, 0, 1, 0, 0, 0]"
244,The Man Who Knew Too Much,"http://www.imsdb.com/scripts/Man-Who-Knew-Too-Much,-The.html","[564, 258, 346, 24, 83, 30, 0, 18, 6, 0, 11, 0, 0, 14, 0, 0, 0, 248, 303, 2, 14, 37, 9, 9, 4, 9, 0, 0, 0, 0, 38, 0, 0, 0]"
245,Strangers on a Train,http://www.imsdb.com/scripts/Strangers-on-a-Train.html,"[418, 167, 349, 23, 57, 30, 0, 11, 35, 0, 5, 0, 0, 4, 0, 0, 0, 126, 151, 2, 4, 16, 10, 2, 2, 16, 0, 4, 0, 2, 10, 0, 0, 0]"
246,Willow,http://www.imsdb.com/scripts/Willow.html,"[265, 111, 313, 17, 11, 12, 0, 5, 7, 0, 2, 0, 0, 0, 0, 0, 0, 139, 243, 2, 3, 14, 4, 0, 0, 22, 0, 6, 0, 0, 7, 0, 0, 0]"
247,Cube,http://www.imsdb.com/scripts/Cube.html,"[66, 36, 27, 3, 20, 4, 0, 0, 0, 0, 1, 0, 1, 0, 0, 0, 0, 12, 28, 1, 0, 3, 1, 2, 0, 0, 0, 0, 0, 0, 2, 1, 0, 0]"
248,Broadcast News,http://www.imsdb.com/scripts/Broadcast-News.html,"[391, 141, 206, 24, 33, 9, 0, 5, 17, 0, 9, 0, 2, 1, 1, 0, 0, 251, 214, 0, 15, 50, 4, 0, 0, 0, 0, 1, 0, 0, 14, 0, 0, 0]"
249,A Few Good Men,http://www.imsdb.com/scripts/A-Few-Good-Men.html,"[302, 99, 197, 4, 25, 5, 2, 144, 10, 0, 11, 0, 0, 0, 0, 1, 0, 52, 23, 0, 3, 8, 2, 2, 0, 3, 0, 4, 0, 1, 2, 0, 8, 0]"
250,Rush Hour,http://www.imsdb.com/scripts/Rush-Hour.html,"[338, 87, 227, 12, 11, 5, 0, 2, 2, 2, 3, 0, 0, 1, 0, 0, 0, 70, 121, 0, 1, 6, 3, 4, 0, 4, 0, 1, 0, 4, 6, 0, 0, 3]"
251,Ronin,http://www.imsdb.com/scripts/Ronin.html,"[334, 112, 251, 22, 32, 3, 0, 0, 0, 0, 3, 0, 0, 0, 0, 0, 0, 65, 77, 0, 4, 7, 11, 0, 0, 0, 0, 0, 0, 0, 0, 0, 0, 0]"
252,The Thing,"http://www.imsdb.com/scripts/Thing,-The.html","[311, 130, 284, 18, 39, 6, 1, 0, 0, 0, 1, 0, 0, 0, 0, 0, 0, 1, 4, 0, 0, 2, 0, 0, 0, 0, 0, 0, 0, 1, 0, 0, 0, 0]"
253,Edward Scissorhands,http://www.imsdb.com/scripts/Edward-Scissorhands.html,"[93, 58, 18, 3, 16, 2, 0, 1, 7, 0, 4, 0, 0, 1, 0, 0, 0, 29, 16, 0, 0, 18, 10, 3, 0, 2, 0, 3, 11, 0, 1, 0, 0, 0]"
254,Antz,http://www.imsdb.com/scripts/Antz.html,"[132, 71, 110, 11, 3, 3, 0, 17, 2, 0, 3, 0, 1, 1, 0, 0, 0, 49, 67, 0, 6, 3, 5, 0, 0, 3, 0, 0, 0, 0, 4, 0, 0, 0]"
255,Nashville,http://www.imsdb.com/scripts/Nashville.html,"[204, 67, 79, 3, 67, 4, 1, 5, 3, 1, 0, 0, 1, 1, 0, 1, 0, 242, 169, 1, 6, 5, 1, 3, 0, 21, 0, 0, 0, 1, 7, 0, 2, 4]"
256,The Elephant Man,"http://www.imsdb.com/scripts/Elephant-Man,-The.html","[489, 261, 437, 35, 160, 74, 9, 45, 7, 0, 7, 0, 0, 0, 0, 0, 0, 92, 96, 1, 7, 44, 10, 13, 0, 41, 0, 5, 0, 1, 4, 0, 0, 0]"
257,Beloved,http://www.imsdb.com/scripts/Beloved.html,"[278, 103, 129, 8, 67, 26, 9, 15, 2, 0, 6, 0, 5, 2, 0, 0, 7, 534, 712, 3, 23, 44, 56, 26, 0, 40, 2, 14, 1, 11, 3, 0, 0, 0]"
258,Apt Pupil,http://www.imsdb.com/scripts/Apt-Pupil.html,"[567, 188, 418, 25, 57, 70, 0, 2, 15, 4, 21, 1, 0, 1, 0, 0, 4, 40, 44, 1, 1, 8, 12, 0, 0, 15, 0, 1, 0, 2, 6, 0, 1, 0]"
259,Pleasantville,http://www.imsdb.com/scripts/Pleasantville.html,"[379, 155, 302, 7, 14, 30, 0, 0, 12, 0, 4, 0, 8, 1, 0, 0, 0, 232, 321, 0, 6, 12, 16, 3, 0, 20, 0, 2, 0, 10, 2, 1, 0, 0]"
260,Soldier,http://www.imsdb.com/scripts/Soldier.html,"[422, 233, 402, 14, 42, 11, 0, 32, 16, 0, 1, 0, 0, 1, 0, 0, 0, 72, 112, 1, 3, 11, 3, 0, 0, 11, 0, 1, 0, 0, 8, 0, 0, 0]"
261,American History X,http://www.imsdb.com/scripts/American-History-X.html,"[251, 111, 284, 21, 101, 5, 1, 1, 18, 0, 8, 0, 42, 1, 2, 0, 0, 41, 87, 0, 2, 11, 13, 0, 0, 23, 0, 1, 0, 5, 0, 6, 0, 0]"
262,Gods and Monsters,http://www.imsdb.com/scripts/Gods-and-Monsters.html,"[274, 93, 322, 21, 61, 11, 1, 2, 10, 1, 9, 0, 0, 4, 1, 1, 0, 77, 70, 0, 1, 15, 6, 4, 0, 8, 0, 5, 0, 2, 6, 1, 1, 4]"
263,The Siege,"http://www.imsdb.com/scripts/Siege,-The.html","[230, 158, 179, 6, 31, 3, 1, 18, 6, 0, 2, 0, 3, 0, 1, 3, 1, 90, 95, 0, 2, 7, 2, 1, 0, 0, 0, 0, 0, 0, 4, 0, 0, 0]"
264,I Still Know What You Did Last Summer,http://www.imsdb.com/scripts/I-Still-Know-What-You-Did-Last-Summer.html,"[223, 93, 125, 3, 16, 13, 1, 0, 3, 0, 5, 0, 2, 0, 2, 0, 0, 247, 221, 2, 7, 2, 7, 2, 0, 0, 0, 0, 0, 1, 3, 0, 0, 0]"
265,Meet Joe Black,http://www.imsdb.com/scripts/Meet-Joe-Black.html,"[316, 158, 224, 27, 136, 2, 0, 18, 16, 0, 0, 0, 0, 3, 1, 0, 0, 139, 155, 0, 6, 16, 2, 5, 0, 2, 0, 13, 0, 2, 4, 2, 0, 0]"
266,Enemy of the State,http://www.imsdb.com/scripts/Enemy-of-the-State.html,"[239, 77, 156, 6, 45, 2, 3, 21, 4, 0, 5, 0, 0, 0, 0, 0, 0, 30, 37, 0, 0, 8, 0, 2, 0, 2, 0, 0, 0, 0, 21, 0, 0, 0]"
267,King Kong,http://www.imsdb.com/scripts/King-Kong.html,"[323, 120, 296, 21, 13, 0, 0, 4, 0, 0, 0, 0, 0, 0, 0, 0, 0, 166, 230, 0, 10, 20, 13, 2, 0, 1, 0, 0, 0, 0, 2, 0, 0, 0]"
268,Very Bad Things,http://www.imsdb.com/scripts/Very-Bad-Things.html,"[133, 53, 116, 12, 21, 7, 1, 4, 14, 0, 4, 0, 15, 5, 0, 1, 0, 70, 92, 0, 2, 7, 6, 0, 0, 6, 0, 0, 0, 0, 8, 0, 0, 0]"
269,Shakespeare in Love,http://www.imsdb.com/scripts/Shakespeare-in-Love.html,"[249, 112, 190, 21, 31, 12, 46, 23, 9, 0, 1, 1, 1, 2, 0, 0, 1, 138, 224, 1, 16, 12, 2, 40, 8, 10, 0, 13, 0, 0, 10, 0, 2, 0]"
270,You've Got Mail,http://www.imsdb.com/scripts/You've-Got-Mail.html,"[230, 82, 107, 5, 36, 5, 0, 1, 12, 6, 3, 0, 1, 2, 1, 1, 2, 247, 242, 1, 11, 25, 5, 8, 0, 28, 0, 7, 0, 0, 1, 3, 3, 0]"
271,Mighty Joe Young,http://www.imsdb.com/scripts/Mighty-Joe-Young.html,"[382, 187, 300, 23, 22, 19, 0, 0, 0, 0, 3, 0, 0, 0, 1, 0, 0, 190, 229, 1, 8, 13, 9, 1, 0, 59, 0, 5, 0, 0, 1, 0, 0, 0]"
272,Stepmom,http://www.imsdb.com/scripts/Stepmom.html,"[189, 88, 114, 4, 13, 16, 1, 0, 9, 0, 5, 0, 4, 2, 0, 0, 0, 374, 480, 2, 9, 17, 15, 1, 0, 28, 0, 14, 0, 8, 3, 1, 0, 0]"
273,Affliction,http://www.imsdb.com/scripts/Affliction.html,"[150, 68, 147, 12, 28, 4, 3, 1, 25, 0, 9, 0, 5, 3, 0, 0, 0, 62, 88, 1, 0, 6, 2, 0, 0, 13, 0, 5, 0, 0, 5, 2, 0, 0]"
274,At First Sight,http://www.imsdb.com/scripts/At-First-Sight.html,"[303, 182, 330, 11, 25, 2, 0, 1, 26, 0, 3, 0, 4, 1, 0, 0, 0, 151, 238, 0, 6, 8, 5, 0, 0, 7, 0, 0, 0, 10, 3, 1, 0, 0]"
275,Peggy Sue Got Married,http://www.imsdb.com/scripts/Peggy-Sue-Got-Married.html,"[123, 61, 68, 3, 36, 7, 1, 6, 15, 7, 3, 0, 0, 2, 4, 0, 0, 167, 225, 1, 11, 17, 17, 6, 0, 23, 3, 9, 0, 3, 7, 1, 0, 0]"
276,Peeping Tom,http://www.imsdb.com/scripts/Peeping-Tom.html,"[438, 142, 281, 10, 67, 67, 0, 45, 18, 0, 1, 0, 0, 0, 1, 0, 0, 247, 344, 1, 9, 12, 31, 3, 5, 19, 0, 2, 0, 0, 1, 2, 0, 0]"
277,Office Space,http://www.imsdb.com/scripts/Office-Space.html,"[142, 35, 42, 1, 36, 2, 0, 4, 0, 0, 2, 0, 0, 0, 0, 0, 0, 17, 13, 0, 0, 1, 2, 0, 0, 0, 0, 0, 0, 0, 1, 1, 0, 0]"
278,8MM,http://www.imsdb.com/scripts/8MM.html,"[325, 115, 431, 15, 77, 9, 0, 2, 0, 0, 2, 0, 0, 18, 1, 0, 0, 83, 145, 2, 4, 44, 56, 0, 0, 0, 0, 12, 0, 1, 8, 0, 0, 0]"
279,Pet Sematary,http://www.imsdb.com/scripts/Pet-Sematary.html,"[480, 116, 310, 13, 42, 10, 2, 1, 7, 0, 13, 0, 1, 0, 0, 0, 0, 155, 155, 1, 2, 6, 18, 2, 0, 12, 0, 6, 0, 3, 10, 0, 0, 0]"
280,Pet Sematary II,http://www.imsdb.com/scripts/Pet-Sematary-II.html,"[327, 135, 360, 12, 9, 17, 2, 1, 11, 0, 17, 0, 0, 0, 0, 0, 0, 90, 138, 2, 3, 3, 5, 0, 0, 20, 0, 0, 0, 0, 7, 0, 0, 0]"
281,Logan's Run,http://www.imsdb.com/scripts/Logan's-Run.html,"[237, 103, 200, 12, 162, 1, 0, 0, 6, 0, 3, 0, 0, 4, 0, 0, 0, 69, 124, 1, 4, 48, 1, 1, 0, 12, 0, 0, 0, 0, 4, 0, 0, 0]"
282,Analyze This,http://www.imsdb.com/scripts/Analyze-This.html,"[199, 124, 151, 5, 22, 10, 0, 1, 46, 0, 9, 0, 0, 0, 1, 1, 0, 20, 29, 0, 0, 7, 2, 0, 0, 19, 0, 0, 0, 0, 13, 3, 0, 0]"
283,Cruel Intentions,http://www.imsdb.com/scripts/Cruel-Intentions.html,"[195, 80, 110, 1, 6, 2, 0, 0, 5, 0, 4, 0, 3, 4, 1, 0, 0, 191, 259, 2, 4, 5, 12, 1, 0, 10, 0, 12, 0, 1, 1, 3, 25, 0]"
284,"Lock, Stock and Two Smoking Barrels","http://www.imsdb.com/scripts/Lock,-Stock-and-Two-Smoking-Barrels.html","[206, 52, 164, 11, 41, 20, 2, 3, 5, 0, 19, 0, 3, 0, 0, 0, 0, 10, 10, 0, 1, 0, 4, 1, 0, 2, 0, 0, 0, 0, 0, 0, 0, 0]"
285,The Haunting,"http://www.imsdb.com/scripts/Haunting,-The.html","[189, 94, 94, 9, 16, 1, 0, 0, 1, 0, 0, 0, 0, 2, 1, 0, 0, 389, 442, 1, 27, 10, 5, 0, 0, 22, 1, 1, 0, 0, 4, 1, 0, 0]"
286,The Matrix,"http://www.imsdb.com/scripts/Matrix,-The.html","[348, 127, 289, 18, 48, 12, 0, 4, 0, 0, 0, 0, 2, 0, 0, 0, 0, 79, 66, 1, 3, 10, 3, 1, 0, 1, 0, 0, 0, 0, 0, 1, 0, 0]"
287,10 Things I Hate About You,http://www.imsdb.com/scripts/10-Things-I-Hate-About-You.html,"[221, 94, 114, 6, 16, 12, 1, 2, 1, 1, 0, 0, 3, 0, 6, 1, 0, 197, 297, 1, 5, 2, 22, 2, 0, 3, 1, 1, 0, 23, 0, 0, 0, 0]"
288,Go,http://www.imsdb.com/scripts/Go.html,"[294, 93, 196, 18, 24, 23, 0, 0, 2, 0, 4, 0, 2, 0, 0, 0, 0, 248, 198, 1, 9, 32, 12, 0, 0, 5, 0, 0, 0, 0, 6, 10, 0, 0]"
289,Never Been Kissed,http://www.imsdb.com/scripts/Never-Been-Kissed.html,"[108, 37, 103, 3, 18, 10, 0, 0, 0, 0, 0, 0, 1, 0, 1, 1, 0, 226, 287, 1, 14, 6, 20, 1, 0, 1, 0, 0, 0, 4, 2, 3, 0, 0]"
290,Life,http://www.imsdb.com/scripts/Life.html,"[229, 106, 312, 15, 111, 20, 0, 8, 8, 0, 9, 2, 2, 1, 0, 2, 0, 52, 38, 0, 1, 8, 10, 2, 0, 2, 0, 4, 0, 3, 7, 2, 0, 0]"
291,Election,http://www.imsdb.com/scripts/Election.html,"[152, 62, 225, 9, 2, 1, 1, 0, 2, 0, 2, 0, 7, 0, 0, 0, 0, 185, 212, 0, 7, 2, 9, 1, 0, 14, 0, 3, 0, 5, 4, 1, 0, 0]"
292,eXistenZ,http://www.imsdb.com/scripts/eXistenZ.html,"[141, 54, 144, 11, 12, 0, 0, 0, 1, 0, 0, 0, 0, 0, 0, 0, 0, 89, 152, 1, 2, 3, 1, 2, 0, 0, 0, 0, 0, 0, 0, 0, 0, 0]"
293,Entrapment,http://www.imsdb.com/scripts/Entrapment.html,"[370, 94, 243, 11, 20, 2, 0, 2, 1, 1, 0, 0, 0, 1, 0, 0, 0, 365, 380, 4, 11, 11, 10, 4, 1, 0, 0, 0, 0, 0, 1, 0, 0, 0]"
294,The Mummy,"http://www.imsdb.com/scripts/Mummy,-The.html","[266, 197, 343, 17, 19, 2, 1, 3, 3, 0, 3, 0, 7, 0, 0, 0, 0, 94, 159, 1, 5, 1, 11, 2, 0, 3, 0, 1, 0, 9, 0, 1, 0, 0]"
295,Frankenstein,http://www.imsdb.com/scripts/Frankenstein.html,"[372, 161, 443, 38, 59, 17, 0, 5, 53, 34, 3, 0, 11, 2, 0, 0, 0, 117, 195, 3, 11, 10, 3, 6, 1, 17, 0, 2, 0, 4, 7, 0, 0, 0]"
296,The Rocky Horror Picture Show,"http://www.imsdb.com/scripts/Rocky-Horror-Picture-Show,-The.html","[142, 39, 83, 5, 13, 1, 0, 0, 1, 0, 0, 0, 1, 1, 0, 0, 2, 51, 45, 0, 0, 2, 2, 0, 0, 3, 0, 2, 0, 1, 1, 0, 0, 0]"
297,Notting Hill,http://www.imsdb.com/scripts/Notting-Hill.html,"[181, 50, 68, 5, 31, 3, 1, 10, 0, 0, 1, 0, 2, 0, 6, 0, 0, 152, 104, 1, 2, 8, 22, 1, 1, 3, 2, 0, 0, 2, 2, 1, 0, 0]"
298,Wild Wild West,http://www.imsdb.com/scripts/Wild-Wild-West.html,"[314, 151, 396, 27, 40, 4, 1, 20, 7, 0, 2, 0, 0, 1, 0, 2, 0, 91, 99, 0, 3, 12, 21, 9, 0, 1, 0, 0, 0, 0, 0, 0, 0, 0]"
299,American Pie,http://www.imsdb.com/scripts/American-Pie.html,"[188, 69, 146, 13, 17, 4, 1, 0, 2, 0, 10, 0, 45, 1, 0, 1, 0, 124, 100, 1, 5, 7, 61, 2, 0, 3, 0, 0, 0, 0, 0, 3, 0, 0]"
300,Lake Placid,http://www.imsdb.com/scripts/Lake-Placid.html,"[287, 126, 90, 6, 18, 0, 0, 1, 1, 0, 0, 0, 0, 5, 0, 0, 0, 72, 69, 0, 3, 5, 2, 1, 0, 1, 0, 0, 0, 1, 0, 0, 0, 0]"
301,Ghostbusters,http://www.imsdb.com/scripts/Ghostbusters.html,"[62, 21, 70, 1, 5, 3, 0, 1, 0, 0, 0, 0, 0, 0, 0, 0, 0, 8, 10, 0, 0, 0, 0, 0, 0, 0, 0, 0, 0, 0, 3, 0, 0, 0]"
302,Drop Dead Gorgeous,http://www.imsdb.com/scripts/Drop-Dead-Gorgeous.html,"[27, 22, 38, 2, 14, 3, 3, 0, 5, 0, 2, 0, 2, 1, 6, 1, 0, 147, 165, 0, 2, 8, 26, 2, 0, 5, 0, 7, 0, 0, 1, 0, 0, 0]"
303,Mystery Men,http://www.imsdb.com/scripts/Mystery-Men.html,"[236, 144, 252, 14, 31, 89, 0, 0, 9, 0, 4, 0, 7, 2, 0, 0, 0, 80, 88, 0, 1, 6, 4, 6, 0, 29, 1, 3, 0, 0, 2, 2, 0, 0]"
